OS,Device status,Name,Client security status,Patch status,Available patches count,Customer,Logged in user,Owner,Last Activity,OS name,OS version,CCS version,CCC version,External IP,Internal IP,AD\LDAP,Domain\Workgroup,Model,Processor,Serial Number,System Model,System Manufacturer,Ownership Type,Registered,Local Time Zone,Service Pack,Reboot Time,Reboot Reason,CPU usage - %,CPU frequency,RAM usage - %,RAM usage - MB,Total RAM,Network Usage,Disk free - GB,Disk used - GB
Windows,Online,.31-SS3DB,Secure,Non-critical patches are available,3,Default Customer,OTSUKATW\administrator,alex,2020/09/09 02:51:03 PM,Microsoft Windows Server 2019 Standard (x64),10.0.17763,12.4.0.8311,6.37.38821.20070,118.163.125.1,192.168.1.31,192.168.1.11,otsukatw.corp,VMware Virtual Platform,Intel(R) Xeon(R) Silver 4216 CPU @ 2.10GHz,VMware-7e 21 2c 42 a2 86 52 ef-be f9 6e 7a 4c 7f 80 dd,VMware Virtual Platform,"VMware, Inc.",Not specified,2020/08/28 04:00:09 PM,UTC +08:00,N/A,2020/08/28 11:57:57 PM,The process C:\Windows\system32\SystemSettingsAdminFlows.exe (SS3DB) has initiated the 重新啟動 of computer SS3DB on behalf of user OTSUKATW\Administrator for the following reason: 其他 (不在計劃之中).  Reason Code: 0x5000000.  Shutdown Type: 重新啟動.  Comment: .,10,2095,54.36,13360,24575,"vmxnet3  - Load 0% speed channel (sent 0 bit/s, received 0 bit/s)",C:166.4|D:613.5|E:0,C:37.8|D:205.7|E:0
Windows,Offline,Ada_Hsu,Need attention,Non-critical patches are available,1,Default Customer,OTSUKATW\Ada_Hsu,ethan,2020/09/08 04:37:21 PM,Microsoft Windows 10 專業版 (x64),10.0.18363,12.4.0.8311,6.37.38821.20070,1.171.167.70,"10.30.30.13,192.168.1.149",192.168.1.10,otsukatw.corp,Latitude 5310 2-in-1,Intel(R) Core(TM) i5-10310U CPU @ 1.70GHz,J294YZ2,Latitude 5310 2-in-1,Dell Inc.,Not specified,2020/08/28 04:18:01 PM,UTC +08:00,N/A,2020/08/28 06:52:49 PM,The process C:\Windows\System32\RuntimeBroker.exe (ADA_HSU) has initiated the 電源關閉 of computer ADA_HSU on behalf of user OTSUKATW\Ada_Hsu for the following reason: 其他 (不在計劃之中).  Reason Code: 0x0.  Shutdown Type: 電源關閉.  Comment: .,0,2208,57.06,4491,7871,"Bluetooth Device (Personal Area Network) - Load 0% speed channel (sent 0 bit/s, received 0 bit/s) | Fortinet Virtual Ethernet Adapter (NDIS 6.30) - Load 0% speed channel (sent 0 bit/s, received 0 bit/s) | Fortinet SSL VPN Virtual Ethernet Adapter - Load 0% speed channel (sent 0 bit/s, received 0 bit/s) | Qualcomm QCA61x4A 802.11ac Wireless Adapter - Load 0% speed channel (sent 0 bit/s, received 0 bit/s) | Microsoft Wi-Fi Direct Virtual Adapter - Load 0% speed channel (sent 0 bit/s, received 0 bit/s)",C:189,C:52.4
Windows,Offline,Alex,Secure,Critical patches are available,62,Default Customer,ALEX\Alex,ethan,2020/08/27 01:25:23 PM,Microsoft Windows 7 專業版 (x64),6.1.7601,12.0.0.7959,6.37.38821.20070,118.163.125.1,192.168.230.129,N/A,WORKGROUP,VMware Virtual Platform,Intel(R) Core(TM) i5-4310U CPU @ 2.00GHz,VMware-56 4d d3 84 4a 88 e9 29-66 ba 8f 2a bf 92 39 77,VMware Virtual Platform,"VMware, Inc.",Not specified,2020/08/25 03:50:02 PM,UTC +08:00,N/A,2020/08/27 10:37:11 AM,The process C:\Windows\system32\winlogon.exe (ALEX) has initiated the 重新啟動 of computer ALEX on behalf of user Alex\Alex for the following reason: 找不到這個原因的標題. Reason Code: 0x500ff. Shutdown Type: 重新啟動. Comment: .,24,2594,18.07,1480,8191,"Intel(R) PRO/1000 MT Network Connection - Load 0% speed channel (sent 0 bit/s, received 0 bit/s) | Fortinet virtual adapter - Load 0% speed channel (sent 0 bit/s, received 0 bit/s) | Bluetooth  () - Load 0% speed channel (sent 0 bit/s, received 0 bit/s)",C:5.3|D:0,C:97.1|D:0
Windows,Online,Alison,Client security is not installed,No patches are available,0,Default Customer,OTSUKATW\Alison_Lee,ethan,2020/09/09 02:42:10 PM,Microsoft Windows 10 專業版 (x64),6.2.9200,,6.37.38821.20070,60.251.177.151,192.168.5.96,192.168.1.10,otsukatw.corp,Latitude 5310 2-in-1,Intel(R) Core(TM) i5-10310U CPU @ 1.70GHz,1394YZ2,Latitude 5310 2-in-1,Dell Inc.,Not specified,2020/09/09 02:41:42 PM,UTC +08:00,N/A,2020/09/07 11:04:13 AM,The process C:\Windows\System32\RuntimeBroker.exe (ALISON) has initiated the 重新啟動 of computer ALISON on behalf of user OTSUKATW\Alison_Lee for the following reason: 其他 (不在計劃之中).  Reason Code: 0x0.  Shutdown Type: 重新啟動.  Comment: .,11,2208,79.79,6280,7871,"Fortinet Virtual Ethernet Adapter (NDIS 6.30) - Load 0% speed channel (sent 0 bit/s, received 0 bit/s) | Bluetooth Device (Personal Area Network) - Load 0% speed channel (sent 0 bit/s, received 0 bit/s) | Qualcomm QCA61x4A 802.11ac Wireless Adapter - Load 0% speed channel (sent 6 Kbit/s, received 13 Kbit/s) | Microsoft Wi-Fi Direct Virtual Adapter - Load 0% speed channel (sent 0 bit/s, received 0 bit/s) | Microsoft Wi-Fi Direct Virtual Adapter - Load 0% speed channel (sent 0 bit/s, received 0 bit/s)",C:141.7,C:99.6
Windows,Offline,allen,Secure,Non-critical patches are available,5,Default Customer,OTSUKATW\allen,ethan,2020/09/09 11:51:55 AM,Microsoft Windows 10 專業版 (x64),10.0.18363,12.4.0.8311,6.37.38821.20070,60.251.177.151,192.168.6.50,192.168.1.10,otsukatw.corp,Latitude E7440,Intel(R) Core(TM) i5-4310U CPU @ 2.00GHz,72PYF12,Latitude E7440,Dell Inc.,Not specified,2020/08/25 02:50:25 PM,UTC +08:00,N/A,2020/09/07 05:14:33 PM,The process C:\Windows\SYSTEM32\shutdown.exe (ALLEN) has initiated the 關機 of computer ALLEN on behalf of user OTSUKATW\allen for the following reason: 找不到這個原因的標題.  Reason Code: 0x800000ff.  Shutdown Type: 關機.  Comment: .,100,2601,15.55,2536,16305,"Intel(R) Ethernet Connection I218-LM - Load 0% speed channel (sent 0 bit/s, received 0 bit/s) | Bluetooth Device (Personal Area Network) - Load 0% speed channel (sent 0 bit/s, received 0 bit/s) | Fortinet Virtual Ethernet Adapter (NDIS 6.30) - Load 0% speed channel (sent 0 bit/s, received 0 bit/s) | Fortinet SSL VPN Virtual Ethernet Adapter - Load 0% speed channel (sent 0 bit/s, received 0 bit/s) | Intel(R) Dual Band Wireless-AC 7260 - Load 0% speed channel (sent 0 bit/s, received 0 bit/s) | Microsoft Wi-Fi Direct Virtual Adapter - Load 0% speed channel (sent 0 bit/s, received 0 bit/s) | Microsoft Wi-Fi Direct Virtual Adapter - Load 0% speed channel (sent 0 bit/s, received 0 bit/s)",C:33.7|D:193.6|F:234.5,C:210.5|D:722.1|F:277.5
Windows,Online,Amy-3040,Secure,Non-critical patches are available,5,Default Customer,OTSUKATW\Amy,ethan,2020/09/09 02:51:53 PM,Microsoft Windows 10 專業版 (x64),10.0.18363,12.4.0.8311,6.37.38821.20070,118.163.114.187,192.168.111.111,192.168.111.2,otsukatw.corp,OptiPlex 3040,Intel(R) Core(TM) i5-6500 CPU @ 3.20GHz,80CRCD2,OptiPlex 3040,Dell Inc.,Not specified,2020/08/31 11:12:44 AM,UTC +08:00,N/A,2020/08/13 04:59:22 PM,The process C:\Windows\System32\RuntimeBroker.exe (AMY-3040) has initiated the 電源關閉 of computer AMY-3040 on behalf of user OTSUKATW\Amy for the following reason: 其他 (不在計劃之中).  Reason Code: 0x0.  Shutdown Type: 電源關閉.  Comment: .,100,3192,29.62,2391,8073,"Realtek PCIe GBE Family Controller - Load 0% speed channel (sent 2 Kbit/s, received 5 Kbit/s)",C:110.6|D:266.2|E:0,C:65.7|D:33.8|E:0
Windows,Online,AmyPan,Secure,Non-critical patches are available,4,Default Customer,OTSUKATW\amypan,ethan,2020/09/09 02:50:28 PM,Microsoft Windows 10 專業版 (x64),10.0.18362,12.4.0.8311,6.37.38821.20070,60.251.177.151,192.168.1.162,192.168.1.10,otsukatw.corp,OptiPlex 7050,Intel(R) Core(TM) i5-6500 CPU @ 3.20GHz,328V6P2,OptiPlex 7050,Dell Inc.,Not specified,2020/08/25 04:25:07 PM,UTC +08:00,N/A,2020/08/26 05:03:55 PM,The process C:\Windows\System32\RuntimeBroker.exe (AMYPAN) has initiated the 電源關閉 of computer AMYPAN on behalf of user OTSUKATW\amypan for the following reason: 其他 (不在計劃之中).  Reason Code: 0x0.  Shutdown Type: 電源關閉.  Comment: .,27,3192,32.44,2613,8056,"Intel(R) Ethernet Connection (5) I219-LM - Load 0% speed channel (sent 0 bit/s, received 0 bit/s)",C:47.1|D:57.9,C:74.1|D:48.4
Windows,Online,Andrew-5310,Need attention,Non-critical patches are available,1,Default Customer,OTSUKATW\andrew_lee,ethan,2020/09/09 02:49:24 PM,Microsoft Windows 10 專業版 (x64),10.0.19041,12.4.0.8311,6.37.38821.20070,60.251.177.151,"192.168.6.56,192.168.56.1",192.168.1.11,otsukatw.corp,Latitude 5310 2-in-1,Intel(R) Core(TM) i5-10310U CPU @ 1.70GHz,H494YZ2,Latitude 5310 2-in-1,Dell Inc.,Not specified,2020/08/28 04:17:53 PM,UTC +08:00,N/A,2020/08/31 08:53:35 AM,‎2020/‎8/‎28 上 下午 05:50:25 的系統上次發生意外的關機。.,30,2208,79.44,6253,7871,"Fortinet Virtual Ethernet Adapter (NDIS 6.30) - Load 0% speed channel (sent 0 bit/s, received 0 bit/s) | Bluetooth Device (Personal Area Network) - Load 0% speed channel (sent 0 bit/s, received 0 bit/s) | Realtek USB GbE Family Controller - Load 0% speed channel (sent 0 bit/s, received 0 bit/s) | VirtualBox Host-Only Ethernet Adapter - Load 0% speed channel (sent 0 bit/s, received 0 bit/s) | Qualcomm QCA61x4A 802.11ac Wireless Adapter - Load 0% speed channel (sent 0 bit/s, received 0 bit/s) | Microsoft Wi-Fi Direct Virtual Adapter - Load 0% speed channel (sent 0 bit/s, received 0 bit/s) | Microsoft Wi-Fi Direct Virtual Adapter - Load 0% speed channel (sent 0 bit/s, received 0 bit/s)",C:105.1|D:200.9,C:65.6|D:114
Windows,Online,Backup,Secure,Non-critical patches are available,1,Default Customer,N/A,ethan,2020/09/09 02:43:50 PM,Microsoft Windows Server 2008 R2 Standard (x64),6.1.7601,12.0.0.7959,6.37.38821.20070,118.163.125.1,"192.168.1.5,192.168.56.1",192.168.1.10,otsukatw.corp,ProLiant DL160 G6  ,Intel(R) Xeon(R) CPU           E5504  @ 2.00GHz,CN71130VDD,ProLiant DL160 G6  ,HP,Not specified,2020/08/28 04:10:09 PM,UTC +08:00,N/A,2020/09/09 03:27:03 AM,The process C:\Windows\system32\svchost.exe (BACKUP) has initiated the 重新啟動 of computer BACKUP on behalf of user NT AUTHORITY\SYSTEM for the following reason: 作業系統: 修復 (已計劃). Reason Code: 0x80020002. Shutdown Type: 重新啟動. Comment: .,85,2000,9.7,2384,24566,"Intel(R) PRO/1000 PT Dual Port Network Connection - Load 0% speed channel (sent 0 bit/s, received 0 bit/s) | Intel(R) PRO/1000 PT Dual Port Network Connection - Load 0% speed channel (sent 0 bit/s, received 0 bit/s) | Intel(R) 82576 Gigabit Dual Port Network Connection - Load 0% speed channel (sent 0 bit/s, received 0 bit/s) | Intel(R) 82576 Gigabit Dual Port Network Connection - Load 0% speed channel (sent 0 bit/s, received 0 bit/s) | VirtualBox Host-Only Ethernet Adapter - Load 0% speed channel (sent 0 bit/s, received 0 bit/s)",C:8.2|D:94.6|E:1606.7|F:3254.6|G:752.7|H:218.8|I:1,C:91.8|D:91.5|E:8633.2|F:841.2|G:476.1|H:498|I:408.6
Windows,Offline,Bao-5300,Client security is not installed,Non-critical patches are available,4,Default Customer,OTSUKATW\bao,ethan,2020/09/09 12:35:44 PM,Microsoft Windows 10 專業版 (x64),10.0.18363,,6.37.38821.20070,211.21.127.43,192.168.5.108,192.168.1.10,otsukatw.corp,Latitude 5300 2-in-1,Intel(R) Core(TM) i5-8365U CPU @ 1.60GHz,DGVJHT2,Latitude 5300 2-in-1,Dell Inc.,Not specified,2020/08/28 04:18:04 PM,UTC +08:00,N/A,2020/09/08 11:20:50 PM,The process msiexec.exe has initiated the 重新啟動 of computer BAO-5300 on behalf of user NT AUTHORITY\SYSTEM for the following reason: 找不到這個原因的標題.  Reason Code: 0x80030002.  Shutdown Type: 重新啟動.  Comment: Windows Installer 已發出重新啟動系統的要求，以便完成或繼續執行 'Symantec Endpoint Protection' 的安裝。.,2,1896,33.58,2676,7970,"Bluetooth Device (Personal Area Network) - Load 0% speed channel (sent 0 bit/s, received 0 bit/s) | Fortinet Virtual Ethernet Adapter (NDIS 6.30) - Load 0% speed channel (sent 0 bit/s, received 0 bit/s) | Qualcomm QCA61x4A 802.11ac Wireless Adapter - Load 0% speed channel (sent 0 bit/s, received 0 bit/s) | Microsoft Wi-Fi Direct Virtual Adapter - Load 0% speed channel (sent 0 bit/s, received 0 bit/s) | Microsoft Wi-Fi Direct Virtual Adapter - Load 0% speed channel (sent 0 bit/s, received 0 bit/s)",C:61.9|D:276.4,C:70.6|D:77.7
Windows,Online,BBS,Client security is not installed,Critical patches are available,4,Default Customer,OTSUKATW\bbadmin,ethan,2020/09/09 02:43:03 PM,Microsoft Windows Server 2016 Standard (x64),10.0.14393,,6.37.38821.20070,60.251.177.151,"192.168.1.80,172.16.0.1",192.168.1.10,otsukatw.corp,VMware Virtual Platform,Intel(R) Xeon(R) Silver 4216 CPU @ 2.10GHz,VMware-42 3d 5c 5b 81 80 e3 a2-ab 4a df bc 08 67 b5 70,VMware Virtual Platform,"VMware, Inc.",Not specified,2020/08/28 04:10:22 PM,UTC +08:00,N/A,2020/07/20 08:06:25 PM,The process C:\Windows\system32\svchost.exe (BBS) has initiated the 重新啟動 of computer BBS on behalf of user NT AUTHORITY\SYSTEM for the following reason: 作業系統: Service Pack (計劃之中).  Reason Code: 0x80020010.  Shutdown Type: 重新啟動.  Comment: .,0,2095,59.58,4880,8191,"vmxnet3  - Load 0% speed channel (sent 0 bit/s, received 0 bit/s) | BlackBerry Enterprise Virtual Private Network - Load 0% speed channel (sent 0 bit/s, received 0 bit/s)",C:32.9|D:0,C:48.5|D:5.9
Windows,Offline,BillCheng,Client security is not installed,Non-critical patches are available,2,Default Customer,OTSUKATW\bill_cheng,ethan,2020/09/09 06:46:27 AM,Microsoft Windows 10 專業版 (x64),10.0.18363,,6.37.38821.20070,60.251.177.151,192.168.43.57,192.168.1.10,otsukatw.corp,Latitude 7480,Intel(R) Core(TM) i5-6200U CPU @ 2.30GHz,BP5VJM2,Latitude 7480,Dell Inc.,Not specified,2020/08/25 05:10:36 PM,UTC +08:00,N/A,2020/08/24 12:23:14 PM,The process C:\Windows\System32\RuntimeBroker.exe (BILLCHENG) has initiated the 重新啟動 of computer BILLCHENG on behalf of user OTSUKATW\bill_cheng for the following reason: 其他 (不在計劃之中).  Reason Code: 0x0.  Shutdown Type: 重新啟動.  Comment: .,14,2401,79.87,6434,8056,"Intel(R) Ethernet Connection (4) I219-LM - Load 0% speed channel (sent 0 bit/s, received 0 bit/s) | Bluetooth Device (Personal Area Network) - Load 0% speed channel (sent 0 bit/s, received 0 bit/s) | Fortinet Virtual Ethernet Adapter (NDIS 6.30) - Load 0% speed channel (sent 0 bit/s, received 0 bit/s) | Citrix Virtual Adapter - Load 0% speed channel (sent 0 bit/s, received 0 bit/s) | Intel(R) Dual Band Wireless-AC 8265 - Load 0% speed channel (sent 0 bit/s, received 0 bit/s) | Microsoft Wi-Fi Direct Virtual Adapter - Load 0% speed channel (sent 0 bit/s, received 0 bit/s) | Microsoft Wi-Fi Direct Virtual Adapter - Load 0% speed channel (sent 0 bit/s, received 0 bit/s)",C:3|D:7.3,C:139.5|D:92.7
Windows,Online,Carol_Wang,Client security is not installed,Non-critical patches are available,3,Default Customer,OTSUKATW\Carol_Wang,ethan,2020/09/09 02:50:32 PM,Microsoft Windows 10 專業版 (x64),10.0.18363,,6.37.38821.20070,118.163.125.1,192.168.5.99,192.168.1.10,otsukatw.corp,Latitude 5310 2-in-1,Intel(R) Core(TM) i5-10310U CPU @ 1.70GHz,6294YZ2,Latitude 5310 2-in-1,Dell Inc.,Not specified,2020/08/25 05:10:14 PM,UTC +08:00,N/A,2020/09/01 01:39:13 PM,‎2020/‎9/‎1 上 上午 11:28:47 的系統上次發生意外的關機。.,31,2208,55.41,4361,7871,"Bluetooth Device (Personal Area Network) - Load 0% speed channel (sent 0 bit/s, received 0 bit/s) | Fortinet Virtual Ethernet Adapter (NDIS 6.30) - Load 0% speed channel (sent 0 bit/s, received 0 bit/s) | Qualcomm QCA61x4A 802.11ac Wireless Adapter - Load 0% speed channel (sent 0 bit/s, received 0 bit/s) | Microsoft Wi-Fi Direct Virtual Adapter - Load 0% speed channel (sent 0 bit/s, received 0 bit/s) | Microsoft Wi-Fi Direct Virtual Adapter - Load 0% speed channel (sent 0 bit/s, received 0 bit/s)",C:85.3|D:99.9|E:42.9,C:56.1|D:0.1|E:144.8
Windows,Offline,Chang-Win10,Secure,Non-critical patches are available,2,Default Customer,N/A,ethan,2020/09/09 10:51:24 AM,Microsoft Windows 10 專業版 (x64),10.0.18362,,6.37.38821.20070,60.250.52.83,192.168.111.134,192.168.111.2,otsukatw.corp,OptiPlex 990,Intel(R) Core(TM) i7-2600 CPU @ 3.40GHz,4FXQTBX,OptiPlex 990,Dell Inc.,Not specified,2020/08/31 11:12:44 AM,UTC +08:00,N/A,2020/09/09 10:50:51 AM,‎2020/‎9/‎9 上 上午 10:47:21 的系統上次發生意外的關機。.,11,3401,23.19,1872,8072,"Intel(R) 82579LM Gigabit Network Connection - Load 0% speed channel (sent 0 bit/s, received 0 bit/s) | Fortinet Virtual Ethernet Adapter (NDIS 6.30) - Load 0% speed channel (sent 0 bit/s, received 0 bit/s) | Fortinet SSL VPN Virtual Ethernet Adapter - Load 0% speed channel (sent 0 bit/s, received 0 bit/s)",C:116.7|D:243.9|E:0|F:0|G:0|H:0|I:0,C:59.6|D:56.1|E:0|F:0|G:0|H:0|I:0
Windows,Online,Ching-new,Need attention,Non-critical patches are available,3,Default Customer,OTSUKATW\Ching,ethan,2020/09/09 02:40:52 PM,Microsoft Windows 10 專業版 (x64),10.0.10240,12.4.0.8311,6.37.38821.20070,60.250.52.83,192.168.111.136,192.168.111.2,otsukatw.corp,OptiPlex 3040,Intel(R) Core(TM) i5-6500 CPU @ 3.20GHz,80CLCD2,OptiPlex 3040,Dell Inc.,Not specified,2020/08/31 11:12:39 AM,UTC +08:00,N/A,2020/09/07 04:39:39 PM,The process C:\Windows\System32\RuntimeBroker.exe (CHING-NEW) has initiated the 電源關閉 of computer CHING-NEW on behalf of user OTSUKATW\Ching for the following reason: 其他 (不在計劃之中).  Reason Code: 0x0.  Shutdown Type: 電源關閉.  Comment: .,60,3192,39.34,3176,8074,"Realtek PCIe GBE Family Controller - Load 0% speed channel (sent 0 bit/s, received 0 bit/s)",C:35.8|D:133.1|E:0|F:0.7,C:90.5|D:216.9|E:0|F:7
Windows,Offline,Chun-5310,Secure,Non-critical patches are available,3,Default Customer,OTSUKATW\Chun_Tu,ethan,2020/09/09 12:01:58 PM,Microsoft Windows 10 專業版 (x64),10.0.18363,12.4.0.8311,6.37.38821.20070,118.163.125.1,192.168.6.55,192.168.1.10,otsukatw.corp,Latitude 5310 2-in-1,Intel(R) Core(TM) i5-10310U CPU @ 1.70GHz,5394YZ2,Latitude 5310 2-in-1,Dell Inc.,Not specified,2020/08/25 05:09:43 PM,UTC +08:00,N/A,2020/09/09 08:43:22 AM,‎2020/‎9/‎8 上 下午 05:14:08 的系統上次發生意外的關機。.,14,2208,48.2,3794,7871,"Bluetooth Device (Personal Area Network) - Load 0% speed channel (sent 0 bit/s, received 0 bit/s) | Fortinet Virtual Ethernet Adapter (NDIS 6.30) - Load 0% speed channel (sent 0 bit/s, received 0 bit/s) | Realtek USB GbE Family Controller - Load 0% speed channel (sent 0 bit/s, received 0 bit/s) | Qualcomm QCA61x4A 802.11ac Wireless Adapter - Load 0% speed channel (sent 0 bit/s, received 0 bit/s) | Microsoft Wi-Fi Direct Virtual Adapter - Load 0% speed channel (sent 0 bit/s, received 0 bit/s) | Microsoft Wi-Fi Direct Virtual Adapter - Load 0% speed channel (sent 0 bit/s, received 0 bit/s)",C:59|D:85.6,C:61.6|D:35.2
Windows,Online,CindyChen-3070,Secure,Non-critical patches are available,14,Default Customer,OTSUKATW\cindy_chen,ethan,2020/09/09 02:45:54 PM,Microsoft Windows 10 專業版 (x64),10.0.19041,12.4.0.8311,6.37.38821.20070,118.163.114.187,192.168.111.135,192.168.111.2,otsukatw.corp,OptiPlex 3070,Intel(R) Core(TM) i5-9500 CPU @ 3.00GHz,560QX53,OptiPlex 3070,Dell Inc.,Not specified,2020/09/09 01:23:01 PM,UTC +08:00,N/A,2020/09/09 02:00:27 PM,‎2020/‎9/‎9 上 下午 01:40:21 的系統上次發生意外的關機。.,3,3000,24.95,1996,8001,"Realtek PCIe GbE Family Controller - Load 0% speed channel (sent 0 bit/s, received 0 bit/s)",C:177.6|D:949.1,C:64|D:4.6
Windows,Offline,CindyChen-760,Secure,Non-critical patches are available,3,Default Customer,OTSUKATW\alex,ethan,2020/09/09 10:26:19 AM,Microsoft Windows 10 專業版 (x64),10.0.18363,12.4.0.8311,6.37.38821.20070,118.163.114.187,192.168.111.153,192.168.111.2,otsukatw.corp,OptiPlex 760                 ,Intel(R) Core(TM)2 Duo CPU     E7400  @ 2.80GHz,C77312S,OptiPlex 760                 ,Dell Inc.,Not specified,2020/08/31 11:13:03 AM,UTC +08:00,N/A,2020/09/09 10:24:59 AM,Normal shutdown without log.,100,2800,62.46,1236,1979,"Intel(R) 82567LM-3 Gigabit Network Connection - Load 0% speed channel (sent 9 Kbit/s, received 13 Kbit/s)",C:44.9|D:0,C:68.6|D:0
Windows,Online,DC01,Secure,Non-critical patches are available,3,Default Customer,OTSUKATW\administrator,alex,2020/09/09 02:51:40 PM,Microsoft Windows Server 2019 Standard (x64),10.0.17763,12.4.0.8311,6.37.38821.20070,60.251.177.151,192.168.1.10,192.168.1.10,otsukatw.corp,"VMware7,1",Intel(R) Xeon(R) Silver 4216 CPU @ 2.10GHz,VMware-56 4d 6f 1e f1 80 aa 5c-18 c9 d0 7f 0e 50 13 0b,"VMware7,1","VMware, Inc.",Not specified,2020/08/28 03:56:00 PM,UTC +08:00,N/A,2020/08/28 11:57:14 PM,The process C:\Windows\system32\SystemSettingsAdminFlows.exe (DC01) has initiated the 重新啟動 of computer DC01 on behalf of user OTSUKATW\Administrator for the following reason: 其他 (不在計劃之中).  Reason Code: 0x5000000.  Shutdown Type: 重新啟動.  Comment: .,52,2095,65.66,2688,4094,"vmxnet3  - Load 0% speed channel (sent 0 bit/s, received 0 bit/s)",C:135.2|D:0,C:28|D:0
Windows,Online,DC02,Secure,Non-critical patches are available,3,Default Customer,OTSUKATW\administrator,ethan,2020/09/09 02:42:55 PM,Microsoft Windows Server 2019 Standard (x64),10.0.17763,12.4.0.8311,6.37.38821.20070,118.163.125.1,192.168.1.11,192.168.1.11,otsukatw.corp,"VMware7,1",Intel(R) Xeon(R) Silver 4216 CPU @ 2.10GHz,VMware-6b 07 0f 42 36 e3 ec c7-2d d7 f5 14 d9 96 e7 fd,"VMware7,1","VMware, Inc.",Not specified,2020/08/28 04:09:55 PM,UTC +08:00,N/A,2020/08/28 07:24:34 PM,The process C:\Windows\system32\SystemSettingsAdminFlows.exe (DC02) has initiated the 重新啟動 of computer DC02 on behalf of user OTSUKATW\Administrator for the following reason: 其他 (不在計劃之中).  Reason Code: 0x5000000.  Shutdown Type: 重新啟動.  Comment: .,27,2095,77.53,3174,4094,"vmxnet3  - Load 0% speed channel (sent 0 bit/s, received 0 bit/s)",C:135.4|D:0,C:27.8|D:0
Windows,Online,DC03,Secure,Non-critical patches are available,2,Default Customer,OTSUKATW\administrator,ethan,2020/09/09 02:40:42 PM,Microsoft Windows Server 2019 Standard (x64),10.0.17763,12.4.0.8311,6.37.38821.20070,60.250.52.83,192.168.111.2,192.168.111.2,otsukatw.corp,VMware Virtual Platform,Intel(R) Xeon(R) Silver 4216 CPU @ 2.10GHz,VMware-56 4d a7 63 95 e2 31 46-df 87 7f e7 5b 8e a9 a4,VMware Virtual Platform,"VMware, Inc.",Not specified,2020/08/31 11:12:52 AM,UTC +08:00,N/A,2020/09/04 02:01:40 PM,The process C:\Windows\system32\SystemSettingsAdminFlows.exe (DC03) has initiated the 重新啟動 of computer DC03 on behalf of user OTSUKATW\Administrator for the following reason: 其他 (不在計劃之中).  Reason Code: 0x5000000.  Shutdown Type: 重新啟動.  Comment: .,26,2095,16.64,2726,16383,"vmxnet3  - Load 0% speed channel (sent 0 bit/s, received 0 bit/s)",C:146.2|D:0,C:17.1|D:0
Windows,Online,DebraYang,Need attention,Non-critical patches are available,2,Default Customer,OTSUKATW\Debrayang,alex,2020/09/09 02:46:51 PM,Microsoft Windows 10 專業版 (x64),10.0.18362,12.4.0.8311,6.37.38821.20070,118.163.125.1,192.168.1.155,192.168.1.10,otsukatw.corp,OptiPlex 3040,Intel(R) Core(TM) i5-6500 CPU @ 3.20GHz,7W0MCD2,OptiPlex 3040,Dell Inc.,Not specified,2020/08/28 03:14:51 PM,UTC +08:00,N/A,2020/08/26 09:22:23 AM,The process msiexec.exe has initiated the 重新啟動 of computer DEBRAYANG on behalf of user NT AUTHORITY\SYSTEM for the following reason: 找不到這個原因的標題.  Reason Code: 0x80030002.  Shutdown Type: 重新啟動.  Comment: Windows Installer 已發出重新啟動系統的要求，以便完成或繼續執行 'COMODO Client - Security' 的安裝。.,47,3192,82.7,6677,8074,"Realtek PCIe GBE Family Controller - Load 0% speed channel (sent 5 Kbit/s, received 24 Kbit/s)",C:71.1|D:0,C:147.7|D:0
Windows,Offline,DELL-Cassie_Lo,Need attention,Non-critical patches are available,4,Default Customer,OTSUKATW\Cassie_Lo,ethan,2020/09/09 12:50:04 PM,Microsoft Windows 10 專業版 (x64),10.0.18363,12.4.0.8311,6.37.38821.20070,123.193.65.97,192.168.5.93,192.168.1.11,otsukatw.corp,Latitude 5300 2-in-1,Intel(R) Core(TM) i5-8265U CPU @ 1.60GHz,6ZVJNT2,Latitude 5300 2-in-1,Dell Inc.,Not specified,2020/08/25 05:10:06 PM,UTC +08:00,N/A,2020/08/17 12:09:00 AM,The process C:\Windows\System32\RuntimeBroker.exe (DELL-CASSIE_LO) has initiated the 電源關閉 of computer DELL-CASSIE_LO on behalf of user OTSUKATW\Cassie_Lo for the following reason: 其他 (不在計劃之中).  Reason Code: 0x0.  Shutdown Type: 電源關閉.  Comment: .,10,1800,75.7,6041,7980,"Bluetooth Device (Personal Area Network) - Load 0% speed channel (sent 0 bit/s, received 0 bit/s) | Fortinet Virtual Ethernet Adapter (NDIS 6.30) - Load 0% speed channel (sent 0 bit/s, received 0 bit/s) | Qualcomm QCA61x4A 802.11ac Wireless Adapter - Load 0% speed channel (sent 0 bit/s, received 0 bit/s) | Microsoft Wi-Fi Direct Virtual Adapter - Load 0% speed channel (sent 0 bit/s, received 0 bit/s) | Microsoft Wi-Fi Direct Virtual Adapter - Load 0% speed channel (sent 0 bit/s, received 0 bit/s)",C:64.3|D:27.9,C:80.9|D:69.3
Windows,Offline,Dell-KAWANAKA,At risk,Non-critical patches are available,6,Default Customer,OTSUKATW\Kawanaka,ethan,2020/09/09 08:54:09 AM,Microsoft Windows 10 專業版 (x64),10.0.18363,12.4.0.8311,6.37.38821.20070,118.163.125.1,192.168.1.161,192.168.1.11,otsukatw.corp,OptiPlex 7050,Intel(R) Core(TM) i5-6500 CPU @ 3.20GHz,328X6P2,OptiPlex 7050,Dell Inc.,Not specified,2020/08/25 04:25:58 PM,UTC +08:00,N/A,2020/09/02 05:22:43 PM,The process wininit.exe (127.0.0.1) has initiated the 重新啟動 of computer DELL-KAWANAKA on behalf of user NT AUTHORITY\SYSTEM for the following reason: 舊版 API 關機.  Reason Code: 0x80070000.  Shutdown Type: 重新啟動.  Comment: .,19,3192,26.07,2100,8056,"Intel(R) Ethernet Connection (5) I219-LM - Load 0% speed channel (sent 0 bit/s, received 0 bit/s)",C:15.2|D:48.9|E:0|F:124.1,C:105.8|D:57.3|E:0|F:183.1
Windows,Online,Dell-OYJ,Client security is not installed,Non-critical patches are available,5,Default Customer,OTSUKATW\OYJ,ethan,2020/09/09 02:45:31 PM,Microsoft Windows 10 專業版 (x64),10.0.18362,,6.37.38821.20070,60.250.52.83,192.168.116.166,192.168.111.2,otsukatw.corp,Latitude 7480,Intel(R) Core(TM) i5-6200U CPU @ 2.30GHz,HQHFHM2,Latitude 7480,Dell Inc.,Not specified,2020/08/31 11:13:11 AM,UTC +08:00,N/A,2020/09/09 01:44:33 PM,The process C:\Windows\System32\RuntimeBroker.exe (DELL-OYJ) has initiated the 重新啟動 of computer DELL-OYJ on behalf of user OTSUKATW\OYJ for the following reason: 其他 (不在計劃之中).  Reason Code: 0x0.  Shutdown Type: 重新啟動.  Comment: .,2,2401,28.95,2332,8056,"Intel(R) Ethernet Connection (4) I219-LM - Load 0% speed channel (sent 0 bit/s, received 0 bit/s) | Fortinet Virtual Ethernet Adapter (NDIS 6.30) - Load 0% speed channel (sent 0 bit/s, received 0 bit/s) | Citrix Virtual Adapter - Load 0% speed channel (sent 0 bit/s, received 0 bit/s) | Intel(R) Dual Band Wireless-AC 8265 - Load 0% speed channel (sent 0 bit/s, received 0 bit/s) | Microsoft Wi-Fi Direct Virtual Adapter - Load 0% speed channel (sent 0 bit/s, received 0 bit/s) | Microsoft Wi-Fi Direct Virtual Adapter - Load 0% speed channel (sent 0 bit/s, received 0 bit/s)",C:31.6|D:9,C:111|D:91
Windows,Online,Dell-Roger,Secure,Non-critical patches are available,4,Default Customer,OTSUKATW\roger,ethan,2020/09/09 02:52:36 PM,Microsoft Windows 10 專業版 (x64),10.0.18363,12.4.0.8311,6.37.38821.20070,118.163.114.187,192.168.116.133,192.168.111.2,otsukatw.corp,Latitude 7480,Intel(R) Core(TM) i5-6200U CPU @ 2.30GHz,H3LDHM2,Latitude 7480,Dell Inc.,Not specified,2020/08/31 11:12:51 AM,UTC +08:00,N/A,2020/09/09 01:04:53 PM,The process C:\WINDOWS\system32\MusNotificationUx.exe (DELL-ROGER) has initiated the 重新啟動 of computer DELL-ROGER on behalf of user OTSUKATW\roger for the following reason: 作業系統: Service Pack (計劃之中).  Reason Code: 0x80020010.  Shutdown Type: 重新啟動.  Comment: .,100,2401,41.06,3308,8056,"Intel(R) Ethernet Connection (4) I219-LM - Load 0% speed channel (sent 0 bit/s, received 0 bit/s) | Fortinet Virtual Ethernet Adapter (NDIS 6.30) - Load 0% speed channel (sent 0 bit/s, received 0 bit/s) | Citrix Virtual Adapter - Load 0% speed channel (sent 0 bit/s, received 0 bit/s) | Intel(R) Dual Band Wireless-AC 8265 - Load 0% speed channel (sent 0 bit/s, received 0 bit/s) | Microsoft Wi-Fi Direct Virtual Adapter - Load 0% speed channel (sent 0 bit/s, received 0 bit/s) | Microsoft Wi-Fi Direct Virtual Adapter - Load 0% speed channel (sent 0 bit/s, received 0 bit/s)",C:69.9|D:47.5,C:72.7|D:52.5
Windows,Offline,DELL-Tyron,Secure,Non-critical patches are available,3,Default Customer,OTSUKATW\Tyron_Lee,ethan,2020/09/09 02:42:17 PM,Microsoft Windows 10 專業版 (x64),10.0.18363,12.4.0.8311,6.37.38821.20070,118.163.125.1,192.168.0.171,192.168.1.10,otsukatw.corp,Latitude 5310 2-in-1,Intel(R) Core(TM) i5-10310U CPU @ 1.70GHz,1594YZ2,Latitude 5310 2-in-1,Dell Inc.,Not specified,2020/08/25 05:09:48 PM,UTC +08:00,N/A,2020/09/09 01:28:57 PM,‎2020/‎9/‎9 上 下午 01:03:27 的系統上次發生意外的關機。.,82,2208,60.83,4788,7871,"Bluetooth Device (Personal Area Network) - Load 0% speed channel (sent 0 bit/s, received 0 bit/s) | Fortinet Virtual Ethernet Adapter (NDIS 6.30) - Load 0% speed channel (sent 0 bit/s, received 0 bit/s) | Qualcomm QCA61x4A 802.11ac Wireless Adapter - Load 0% speed channel (sent 0 bit/s, received 0 bit/s) | Microsoft Wi-Fi Direct Virtual Adapter - Load 0% speed channel (sent 0 bit/s, received 0 bit/s) | Microsoft Wi-Fi Direct Virtual Adapter - Load 0% speed channel (sent 0 bit/s, received 0 bit/s)",C:120.6|D:185.3,C:115|D:64.7
Windows,Online,DixieTai-Dell,Secure,Non-critical patches are available,2,Default Customer,OTSUKATW\Dixietai,ethan,2020/09/09 02:50:53 PM,Microsoft Windows 10 專業版 (x64),10.0.18363,12.4.0.8311,6.37.38821.20070,60.251.177.151,192.168.6.206,192.168.1.10,otsukatw.corp,OptiPlex 7050,Intel(R) Core(TM) i5-6500 CPU @ 3.20GHz,329Z6P2,OptiPlex 7050,Dell Inc.,Not specified,2020/08/25 05:10:03 PM,UTC +08:00,N/A,2020/09/08 05:30:10 PM,The process C:\WINDOWS\SYSTEM32\shutdown.exe (DIXIETAI-DELL) has initiated the 關機 of computer DIXIETAI-DELL on behalf of user OTSUKATW\Dixietai for the following reason: 找不到這個原因的標題.  Reason Code: 0x800000ff.  Shutdown Type: 關機.  Comment: .,0,3192,29.98,2415,8056,"Intel(R) Ethernet Connection (5) I219-LM - Load 0% speed channel (sent 0 bit/s, received 0 bit/s)",C:50.2|D:59.6|E:0,C:71|D:46.6|E:0
Windows,Online,Eilin-5410-500g,Client security is not installed,Non-critical patches are available,3,Default Customer,OTSUKATW\Eilin_Wang,ethan,2020/09/09 02:44:21 PM,Microsoft Windows 10 專業版 (x64),6.2.9200,,6.37.38821.20070,118.163.114.187,192.168.121.55,192.168.111.2,otsukatw.corp,Latitude 5410,Intel(R) Core(TM) i5-10210U CPU @ 1.60GHz,72WN063,Latitude 5410,Dell Inc.,Not specified,2020/09/09 09:26:15 AM,UTC +08:00,N/A,N/A,N/A,0,2112,56.57,4424,7820,"Bluetooth Device (Personal Area Network) - Load 0% speed channel (sent 0 bit/s, received 0 bit/s) | Intel(R) Ethernet Connection (10) I219-V - Load 0% speed channel (sent 0 bit/s, received 0 bit/s) | Fortinet Virtual Ethernet Adapter (NDIS 6.30) - Load 0% speed channel (sent 0 bit/s, received 0 bit/s) | Qualcomm QCA61x4A 802.11ac Wireless Adapter - Load 0% speed channel (sent 71 Kbit/s, received 157 Kbit/s) | Microsoft Wi-Fi Direct Virtual Adapter - Load 0% speed channel (sent 0 bit/s, received 0 bit/s) | Microsoft Wi-Fi Direct Virtual Adapter - Load 0% speed channel (sent 0 bit/s, received 0 bit/s)",C:122|D:281.6,C:52.6|D:20.1
Windows,Online,e-learning,Secure,Non-critical patches are available,3,Default Customer,OTSUKATW\administrator,alex,2020/09/09 02:49:17 PM,Microsoft Windows Server 2019 Standard (x64),10.0.17763,12.4.0.8311,6.37.38821.20070,60.251.177.151,192.168.1.68,192.168.1.10,otsukatw.corp,VMware Virtual Platform,Intel(R) Xeon(R) Silver 4216 CPU @ 2.10GHz,VMware-42 0f 24 7d 47 ff a6 3c-7d 41 af ff ce 84 d9 2b,VMware Virtual Platform,"VMware, Inc.",Not specified,2020/08/28 04:00:08 PM,UTC +08:00,N/A,2020/08/29 12:12:56 AM,The process C:\Windows\system32\SystemSettingsAdminFlows.exe (E-LEARNING) has initiated the 重新啟動 of computer E-LEARNING on behalf of user OTSUKATW\Administrator for the following reason: 其他 (不在計劃之中).  Reason Code: 0x5000000.  Shutdown Type: 重新啟動.  Comment: .,33,2095,40.32,3303,8191,"vmxnet3  - Load 0% speed channel (sent 0 bit/s, received 0 bit/s)",C:189.9|D:201.3|E:0,C:65.5|D:54.7|E:0
Windows,Online,ERPHRServer,Secure,Critical patches are available,4,Default Customer,OTSUKATW\administrator,ethan,2020/09/09 02:51:32 PM,Microsoft Windows Server 2016 Standard (x64),10.0.14393,12.4.0.8311,6.37.38821.20070,118.163.125.1,192.168.1.7,192.168.1.10,otsukatw.corp,VMware Virtual Platform,Intel(R) Xeon(R) Silver 4216 CPU @ 2.10GHz,VMware-42 3d d1 bb 30 cb 0e 45-39 5f 4a c6 cc 73 c5 62,VMware Virtual Platform,"VMware, Inc.",Not specified,2020/08/28 04:09:15 PM,UTC +08:00,N/A,2020/08/29 01:17:57 AM,The process C:\Windows\System32\RuntimeBroker.exe (ERPHRSERVER) has initiated the 重新啟動 of computer ERPHRSERVER on behalf of user OTSUKATW\Administrator for the following reason: 其他 (不在計劃之中).  Reason Code: 0x5000000.  Shutdown Type: 重新啟動.  Comment: .,55,2095,73.22,11995,16383,"vmxnet3  - Load 0% speed channel (sent 0 bit/s, received 0 bit/s)",C:32.9|D:135.7|F:0,C:28|D:273.9|F:0
Windows,Offline,EvieLin-5310,Secure,Non-critical patches are available,3,Default Customer,OTSUKATW\Evie_Lin,ethan,2020/09/09 12:20:53 PM,Microsoft Windows 10 專業版 (x64),10.0.18363,12.4.0.8311,6.37.38821.20070,60.251.177.151,192.168.5.90,192.168.1.10,otsukatw.corp,Latitude 5310 2-in-1,Intel(R) Core(TM) i5-10310U CPU @ 1.70GHz,7494YZ2,Latitude 5310 2-in-1,Dell Inc.,Not specified,2020/08/25 05:10:05 PM,UTC +08:00,N/A,2020/09/09 11:04:51 AM,The process C:\Windows\System32\RuntimeBroker.exe (EVIELIN-5310) has initiated the 重新啟動 of computer EVIELIN-5310 on behalf of user OTSUKATW\Evie_Lin for the following reason: 其他 (不在計劃之中).  Reason Code: 0x0.  Shutdown Type: 重新啟動.  Comment: .,18,2208,49.18,3871,7871,"Bluetooth Device (Personal Area Network) - Load 0% speed channel (sent 0 bit/s, received 0 bit/s) | Fortinet Virtual Ethernet Adapter (NDIS 6.30) - Load 0% speed channel (sent 0 bit/s, received 0 bit/s) | Realtek USB GbE Family Controller - Load 0% speed channel (sent 0 bit/s, received 0 bit/s) | Qualcomm QCA61x4A 802.11ac Wireless Adapter - Load 0% speed channel (sent 0 bit/s, received 0 bit/s) | Microsoft Wi-Fi Direct Virtual Adapter - Load 0% speed channel (sent 0 bit/s, received 0 bit/s) | Microsoft Wi-Fi Direct Virtual Adapter - Load 0% speed channel (sent 0 bit/s, received 0 bit/s)",C:51.9|D:106.4,C:68.6|D:14.6
Windows,Offline,Fanny_Hsu,Client security is not installed,Non-critical patches are available,3,Default Customer,OTSUKATW\Fanny_Hsu,ethan,2020/09/09 10:21:55 AM,Microsoft Windows 10 專業版 (x64),10.0.18363,,6.37.38821.20070,180.218.55.218,192.168.168.12,192.168.1.10,otsukatw.corp,Latitude 5310 2-in-1,Intel(R) Core(TM) i5-10310U CPU @ 1.70GHz,F194YZ2,Latitude 5310 2-in-1,Dell Inc.,Not specified,2020/08/28 04:17:53 PM,UTC +08:00,N/A,2020/09/07 03:14:48 PM,The process C:\Windows\System32\RuntimeBroker.exe (FANNY_HSU) has initiated the 重新啟動 of computer FANNY_HSU on behalf of user OTSUKATW\Fanny_Hsu for the following reason: 其他 (不在計劃之中).  Reason Code: 0x0.  Shutdown Type: 重新啟動.  Comment: .,29,2208,43.68,3438,7871,"Bluetooth Device (Personal Area Network) - Load 0% speed channel (sent 0 bit/s, received 0 bit/s) | Fortinet Virtual Ethernet Adapter (NDIS 6.30) - Load 0% speed channel (sent 0 bit/s, received 0 bit/s) | Qualcomm QCA61x4A 802.11ac Wireless Adapter - Load 0% speed channel (sent 0 bit/s, received 0 bit/s) | Microsoft Wi-Fi Direct Virtual Adapter - Load 0% speed channel (sent 0 bit/s, received 0 bit/s) | Microsoft Wi-Fi Direct Virtual Adapter - Load 0% speed channel (sent 0 bit/s, received 0 bit/s)",C:170.1,C:71.3
Windows,Online,FannyYang-7050,Need attention,Non-critical patches are available,2,Default Customer,OTSUKATW\FannyYang,ethan,2020/09/09 02:46:09 PM,Microsoft Windows 10 專業版 (x64),10.0.18363,12.4.0.8311,6.37.38821.20070,60.250.52.83,192.168.111.110,192.168.111.2,otsukatw.corp,OptiPlex 7050,Intel(R) Core(TM) i5-6500 CPU @ 3.20GHz,328Z6P2,OptiPlex 7050,Dell Inc.,Not specified,2020/08/31 11:12:44 AM,UTC +08:00,N/A,2020/09/09 11:07:45 AM,The process msiexec.exe has initiated the 重新啟動 of computer FANNYYANG-7050 on behalf of user NT AUTHORITY\SYSTEM for the following reason: 找不到這個原因的標題.  Reason Code: 0x80030002.  Shutdown Type: 重新啟動.  Comment: Windows Installer 已發出重新啟動系統的要求，以便完成或繼續執行 'Symantec Endpoint Protection' 的安裝。.,56,3192,46.61,3755,8056,"Intel(R) Ethernet Connection (5) I219-LM - Load 0% speed channel (sent 0 bit/s, received 0 bit/s)",C:35.5|D:15.3|E:38|F:0,C:85.4|D:91|E:76.5|F:0
Windows,Online,Fa-PrintSrv,Need attention,Critical patches are available,58,Default Customer,OTSUKATW\administrator,ethan,2020/09/09 02:51:58 PM,Microsoft Windows Server 2012 R2 Standard (x64),6.3.9600,12.4.0.8311,6.37.38821.20070,60.250.52.83,192.168.111.4,192.168.111.2,otsukatw.corp,VMware Virtual Platform,Intel(R) Xeon(R) Silver 4216 CPU @ 2.10GHz,VMware-42 10 76 69 d8 47 3f dc-1b e6 4c bf 75 81 c8 f1,VMware Virtual Platform,"VMware, Inc.",Not specified,2020/08/31 11:13:02 AM,UTC +08:00,N/A,2020/06/14 06:38:53 PM,‎2020/‎6/‎13 上 上午 10:16:52 的系統上次發生意外的關機。.,90,2095,27.13,1111,4095,"vmxnet3  - Load 0% speed channel (sent 0 bit/s, received 0 bit/s)",C:83.3|D:0,C:18.7|D:0
Windows,Offline,GeneChien-E6220,Secure,Non-critical patches are available,2,Default Customer,OTSUKATW\gene_chien,ethan,2020/09/09 09:31:44 AM,Microsoft Windows 10 專業版 (x64),10.0.18363,12.4.0.8311,6.37.38821.20070,118.163.114.187,192.168.116.113,192.168.111.2,otsukatw.corp,Latitude E6220,Intel(R) Core(TM) i5-2520M CPU @ 2.50GHz,J54GGT1,Latitude E6220,Dell Inc.,Not specified,2020/08/31 11:13:37 AM,UTC +08:00,N/A,2020/09/09 09:25:29 AM,‎2020/‎9/‎9 上 上午 07:13:42 的系統上次發生意外的關機。.,100,2501,39.78,3211,8072,"Intel(R) 82579LM Gigabit Network Connection - Load 0% speed channel (sent 0 bit/s, received 0 bit/s) | Intel(R) Centrino(R) Advanced-N 6205 Driver - Load 0% speed channel (sent 0 bit/s, received 0 bit/s) | Microsoft Wi-Fi Direct Virtual Adapter - Load 0% speed channel (sent 0 bit/s, received 0 bit/s) | Microsoft Wi-Fi Direct Virtual Adapter - Load 0% speed channel (sent 0 bit/s, received 0 bit/s)",C:72.1|D:22.5,C:59.6|D:107.5
Windows,Online,HebeYu,Need attention,Non-critical patches are available,3,Default Customer,OTSUKATW\hebe_yu,ethan,2020/09/09 02:45:01 PM,Microsoft Windows 10 專業版 (x64),10.0.18363,12.4.0.8311,6.37.38821.20070,118.163.125.1,192.168.6.65,192.168.1.11,otsukatw.corp,OptiPlex 7050,Intel(R) Core(TM) i5-6500 CPU @ 3.20GHz,32927P2,OptiPlex 7050,Dell Inc.,Not specified,2020/08/25 05:09:37 PM,UTC +08:00,N/A,2020/08/13 05:09:50 PM,The process C:\Windows\System32\RuntimeBroker.exe (HEBEYU) has initiated the 電源關閉 of computer HEBEYU on behalf of user OTSUKATW\hebe_yu for the following reason: 其他 (不在計劃之中).  Reason Code: 0x0.  Shutdown Type: 電源關閉.  Comment: .,58,3192,79.98,6443,8056,"Intel(R) Ethernet Connection (5) I219-LM - Load 0% speed channel (sent 0 bit/s, received 0 bit/s)",C:35.5|D:34.9|E:75.8|F:0,C:85.7|D:71.3|E:229.5|F:0
Windows,Online,HQCARD1,Client security is not installed,Critical patches are available,6,Default Customer,OTSUKATW\Administrator,ethan,2020/09/09 02:42:27 PM,Microsoft Windows 7 專業版 (x64),6.1.7601,,6.37.38821.20070,118.163.125.1,192.168.1.51,192.168.1.10,otsukatw.corp,VMware Virtual Platform,Intel(R) Xeon(R) Silver 4216 CPU @ 2.10GHz,VMware-42 3d 38 37 19 ba 83 99-1d fc d3 94 fe fa 93 77,VMware Virtual Platform,"VMware, Inc.",Not specified,2020/08/28 04:09:15 PM,UTC +08:00,N/A,N/A,N/A,46,2095,41.73,1709,4095,"vmxnet3  - Load 0% speed channel (sent 0 bit/s, received 0 bit/s)",C:78.8|D:105|E:0,C:41.1|D:3.9|E:0
Windows,Online,HR,Secure,Non-critical patches are available,3,Default Customer,OTSUKATW\administrator,alex,2020/09/09 02:41:58 PM,Microsoft Windows Server 2019 Standard (x64),10.0.17763,12.4.0.8311,6.37.38821.20070,118.163.125.1,192.168.1.79,192.168.1.11,otsukatw.corp,VMware Virtual Platform,Intel(R) Xeon(R) Silver 4216 CPU @ 2.10GHz,VMware-42 2c 3c fe 68 ae e7 ad-44 42 81 7f 1c 7d ca 38,VMware Virtual Platform,"VMware, Inc.",Not specified,2020/08/29 12:39:49 AM,UTC +08:00,N/A,2020/08/29 01:08:45 AM,The process C:\Windows\system32\SystemSettingsAdminFlows.exe (HR) has initiated the 重新啟動 of computer HR on behalf of user OTSUKATW\Administrator for the following reason: 其他 (不在計劃之中).  Reason Code: 0x5000000.  Shutdown Type: 重新啟動.  Comment: .,0,2095,40.14,3288,8191,"vmxnet3  - Load 0% speed channel (sent 0 bit/s, received 0 bit/s)",C:76|D:402.6|E:0,C:25.8|D:7|E:0
Windows,Online,Hsin-Dell,Client security is not installed,Non-critical patches are available,9,Default Customer,OTSUKATW\hsin,ethan,2020/09/09 02:39:20 PM,Microsoft Windows 10 專業版 (x86),10.0.19041,,6.37.38821.20070,118.163.114.187,169.254.49.78,192.168.111.2,otsukatw.corp,Latitude E6220,Intel(R) Core(TM) i5-2520M CPU @ 2.50GHz,974GGT1,Latitude E6220,Dell Inc.,Not specified,2020/08/31 11:14:12 AM,UTC +08:00,N/A,2020/09/04 04:02:59 PM,The process C:\Windows\System32\RuntimeBroker.exe (HSIN-DELL) has initiated the 電源關閉 of computer HSIN-DELL on behalf of user OTSUKATW\hsin for the following reason: 其他 (不在計劃之中).  Reason Code: 0x0.  Shutdown Type: 電源關閉.  Comment: .,5,2501,34.43,1116,3241,"Intel(R) 82579LM Gigabit Network Connection - Load 0% speed channel (sent 0 bit/s, received 0 bit/s) | Bluetooth Device (Personal Area Network) - Load 0% speed channel (sent 0 bit/s, received 0 bit/s) | Intel(R) Centrino(R) Advanced-N 6205 Driver - Load 0% speed channel (sent 0 bit/s, received 0 bit/s) | Microsoft Wi-Fi Direct Virtual Adapter - Load 0% speed channel (sent 0 bit/s, received 0 bit/s) | Microsoft Wi-Fi Direct Virtual Adapter - Load 0% speed channel (sent 0 bit/s, received 0 bit/s)",C:19.1|D:136.3,C:80.3|D:68.9
Windows,Online,Irene_Chang,Need attention,Non-critical patches are available,4,Default Customer,OTSUKATW\Irene_chang,ethan,2020/09/09 02:38:53 PM,Microsoft Windows 10 專業版 (x64),10.0.18363,12.4.0.8311,6.37.38821.20070,60.251.177.151,192.168.6.208,192.168.1.10,otsukatw.corp,OptiPlex 7050,Intel(R) Core(TM) i5-6500 CPU @ 3.20GHz,329Y6P2,OptiPlex 7050,Dell Inc.,Not specified,2020/08/25 05:10:11 PM,UTC +08:00,N/A,2020/07/17 01:19:03 PM,The process C:\Windows\System32\RuntimeBroker.exe (IRENE_CHANG) has initiated the 電源關閉 of computer IRENE_CHANG on behalf of user OTSUKATW\Irene_chang for the following reason: 其他 (不在計劃之中).  Reason Code: 0x0.  Shutdown Type: 電源關閉.  Comment: .,90,3192,80.66,6498,8056,"Intel(R) Ethernet Connection (5) I219-LM - Load 0% speed channel (sent 0 bit/s, received 0 bit/s) | Fortinet Virtual Ethernet Adapter (NDIS 6.30) - Load 0% speed channel (sent 0 bit/s, received 0 bit/s)",C:24.8|D:26.5|E:0,C:96.2|D:79.8|E:0
Windows,Online,Joy-Wu-7390,Need attention,Non-critical patches are available,4,Default Customer,OTSUKATW\Joy_Wu,ethan,2020/09/09 02:44:56 PM,Microsoft Windows 10 專業版 (x64),10.0.18363,12.4.0.8311,6.37.38821.20070,60.251.177.151,192.168.6.68,192.168.1.10,otsukatw.corp,Latitude 7390 2-in-1,Intel(R) Core(TM) i5-8350U CPU @ 1.70GHz,3S8YYW2,Latitude 7390 2-in-1,Dell Inc.,Not specified,2020/08/25 05:10:14 PM,UTC +08:00,N/A,2020/09/04 04:46:17 PM,The process C:\Windows\System32\RuntimeBroker.exe (JOY-WU-7390) has initiated the power off of computer JOY-WU-7390 on behalf of user OTSUKATW\Joy_Wu for the following reason: 其他 (不在計劃之中).  Reason Code: 0x0.  Shutdown Type: power off.  Comment: .,12,1896,70.82,5715,8070,"Bluetooth Device (Personal Area Network) - Load 0% speed channel (sent 0 bit/s, received 0 bit/s) | Fortinet Virtual Ethernet Adapter (NDIS 6.30) - Load 0% speed channel (sent 0 bit/s, received 0 bit/s) | Realtek USB GbE Family Controller - Load 0% speed channel (sent 0 bit/s, received 0 bit/s) | Intel(R) Dual Band Wireless-AC 8265 - Load 0% speed channel (sent 0 bit/s, received 0 bit/s) | Microsoft Wi-Fi Direct Virtual Adapter - Load 0% speed channel (sent 0 bit/s, received 0 bit/s) | Microsoft Wi-Fi Direct Virtual Adapter - Load 0% speed channel (sent 0 bit/s, received 0 bit/s)",C:38.8|D:109.5|E:0,C:81.7|D:12.3|E:0
Windows,Online,Julia-Dell,Secure,Non-critical patches are available,5,Default Customer,OTSUKATW\Julia,ethan,2020/09/09 02:40:09 PM,Microsoft Windows 10 專業版 (x64),10.0.18362,12.4.0.8311,6.37.38821.20070,118.163.125.1,192.168.1.163,192.168.1.10,otsukatw.corp,OptiPlex 7050,Intel(R) Core(TM) i5-6500 CPU @ 3.20GHz,328W6P2,OptiPlex 7050,Dell Inc.,Not specified,2020/08/25 04:25:49 PM,UTC +08:00,N/A,2020/08/13 05:23:22 PM,The process C:\Windows\System32\RuntimeBroker.exe (JULIA-DELL) has initiated the 電源關閉 of computer JULIA-DELL on behalf of user OTSUKATW\Julia for the following reason: 其他 (不在計劃之中).  Reason Code: 0x0.  Shutdown Type: 電源關閉.  Comment: .,11,3192,48.62,3917,8056,"Intel(R) Ethernet Connection (5) I219-LM - Load 0% speed channel (sent 0 bit/s, received 0 bit/s)",C:57.1|D:78.5|E:0,C:64.1|D:27.7|E:0
Windows,Online,Kamiyuchen-7050,Need attention,Non-critical patches are available,4,Default Customer,OTSUKATW\Kamiyuchen,ethan,2020/09/09 02:52:09 PM,Microsoft Windows 10 專業版 (x64),10.0.18362,12.4.0.8311,6.37.38821.20070,60.251.177.151,192.168.6.64,192.168.1.10,otsukatw.corp,OptiPlex 7050,Intel(R) Core(TM) i5-6500 CPU @ 3.20GHz,32B17P2,OptiPlex 7050,Dell Inc.,Not specified,2020/08/28 04:17:59 PM,UTC +08:00,N/A,2020/07/31 04:54:25 PM,The process C:\Windows\System32\RuntimeBroker.exe (KAMIYUCHEN-7050) has initiated the 電源關閉 of computer KAMIYUCHEN-7050 on behalf of user OTSUKATW\Kamiyuchen for the following reason: 其他 (不在計劃之中).  Reason Code: 0x0.  Shutdown Type: 電源關閉.  Comment: .,56,3192,73.14,5892,8056,"Intel(R) Ethernet Connection (5) I219-LM - Load 0% speed channel (sent 0 bit/s, received 0 bit/s)",C:26.4|D:4|E:0,C:94.8|D:102.2|E:0
Windows,Online,Katy-ASUS,Need attention,Non-critical patches are available,4,Default Customer,OTSUKATW\katy,ethan,2020/09/09 02:47:18 PM,Microsoft Windows 10 專業版 (x64),10.0.18363,12.4.0.8311,6.37.38821.20070,118.163.125.1,192.168.6.71,192.168.1.10,otsukatw.corp,D830MT,Intel(R) Core(TM) i7-7700 CPU @ 3.60GHz,H7PFAG0008UP,D830MT,ASUSTeK COMPUTER INC.,Not specified,2020/08/25 05:10:16 PM,UTC +08:00,N/A,2020/08/31 09:33:08 AM,‎2020/‎8/‎28 上 下午 05:46:53 的系統上次發生意外的關機。.,13,3601,24,7837,32651,"Intel(R) Ethernet Connection (5) I219-LM - Load 0% speed channel (sent 0 bit/s, received 0 bit/s)",C:142.6|D:135.6|E:213|R:0,C:133.4|D:64.4|E:92.2|R:0
Windows,Online,Kitty_Chen,Client security is not installed,No patches are available,0,Default Customer,OTSUKATW\Kitty_Chen,ethan,2020/09/09 02:42:53 PM,Microsoft Windows 10 專業版 (x64),6.2.9200,,6.37.38821.20070,118.163.125.1,"10.30.30.1,192.168.5.105",192.168.1.10,otsukatw.corp,Latitude 5300 2-in-1,Intel(R) Core(TM) i5-8265U CPU @ 1.60GHz,5ZVJNT2,Latitude 5300 2-in-1,Dell Inc.,Not specified,2020/09/09 02:42:20 PM,UTC +08:00,N/A,2020/09/02 10:37:44 PM,The process C:\Windows\System32\RuntimeBroker.exe (KITTY_CHEN) has initiated the 電源關閉 of computer KITTY_CHEN on behalf of user OTSUKATW\Kitty_Chen for the following reason: 其他 (不在計劃之中).  Reason Code: 0x0.  Shutdown Type: 電源關閉.  Comment: .,5,1800,67.26,5367,7980,"Bluetooth Device (Personal Area Network) - Load 0% speed channel (sent 0 bit/s, received 0 bit/s) | Fortinet Virtual Ethernet Adapter (NDIS 6.30) - Load 0% speed channel (sent 0 bit/s, received 0 bit/s) | Fortinet SSL VPN Virtual Ethernet Adapter - Load 0% speed channel (sent 0 bit/s, received 0 bit/s) | Qualcomm QCA61x4A 802.11ac Wireless Adapter - Load 0% speed channel (sent 2 Kbit/s, received 18 Kbit/s) | Microsoft Wi-Fi Direct Virtual Adapter - Load 0% speed channel (sent 0 bit/s, received 0 bit/s) | Microsoft Wi-Fi Direct Virtual Adapter - Load 0% speed channel (sent 0 bit/s, received 0 bit/s)",C:82.9|D:79.4|F:80.3,C:80|D:0.1|F:41.6
Windows,Online,Lisan,Need attention,Non-critical patches are available,3,Default Customer,OTSUKATW\Lisan,ethan,2020/09/09 02:42:49 PM,Microsoft Windows 10 專業版 (x64),10.0.18363,12.4.0.8311,6.37.38821.20070,118.163.125.1,192.168.5.100,192.168.1.11,otsukatw.corp,Latitude 5310 2-in-1,Intel(R) Core(TM) i5-10310U CPU @ 1.70GHz,6594YZ2,Latitude 5310 2-in-1,Dell Inc.,Not specified,2020/08/25 05:09:56 PM,UTC +08:00,N/A,2020/08/13 09:05:27 PM,‎2020/‎8/‎13 上 下午 05:29:45 的系統上次發生意外的關機。.,70,2208,72.58,5713,7871,"Bluetooth Device (Personal Area Network) - Load 0% speed channel (sent 0 bit/s, received 0 bit/s) | Fortinet Virtual Ethernet Adapter (NDIS 6.30) - Load 0% speed channel (sent 0 bit/s, received 0 bit/s) | Qualcomm QCA61x4A 802.11ac Wireless Adapter - Load 0% speed channel (sent 0 bit/s, received 0 bit/s) | Microsoft Wi-Fi Direct Virtual Adapter - Load 0% speed channel (sent 0 bit/s, received 0 bit/s) | Microsoft Wi-Fi Direct Virtual Adapter - Load 0% speed channel (sent 0 bit/s, received 0 bit/s)",C:161.8|D:60.7|E:0,C:73.7|D:189.3|E:0
Windows,Online,LiSung-ASUS,Need attention,Non-critical patches are available,5,Default Customer,OTSUKATW\lisung_lin,ethan,2020/09/09 02:51:26 PM,Microsoft Windows 10 專業版 (x64),10.0.18363,12.4.0.8311,6.37.38821.20070,60.250.52.83,192.168.111.154,192.168.111.2,otsukatw.corp,A4321-K-H110,Intel(R) Core(TM) i5-6400 CPU @ 2.70GHz,H6PTCJ021157,A4321-K-H110,ASUSTeK COMPUTER INC.,Not specified,2020/08/31 11:13:05 AM,UTC +08:00,N/A,N/A,N/A,14,2712,52.15,4207,8067,"Realtek PCIe GBE Family Controller - Load 0% speed channel (sent 0 bit/s, received 0 bit/s) | Bluetooth Device (Personal Area Network) - Load 0% speed channel (sent 0 bit/s, received 0 bit/s) | Intel(R) Dual Band Wireless-AC 8260 - Load 0% speed channel (sent 0 bit/s, received 0 bit/s) | Microsoft Wi-Fi Direct Virtual Adapter - Load 0% speed channel (sent 0 bit/s, received 0 bit/s)",C:393.2|D:458.3|E:0,C:58.9|D:41.7|E:0
Windows,Offline,Louise-7300,Secure,Non-critical patches are available,4,Default Customer,OTSUKATW\louise_huang,ethan,2020/09/09 01:22:48 PM,Microsoft Windows 10 專業版 (x64),10.0.18362,12.4.0.8311,6.37.38821.20070,118.163.125.1,192.168.5.114,192.168.1.11,otsukatw.corp,Latitude 7390 2-in-1,Intel(R) Core(TM) i5-8350U CPU @ 1.70GHz,8K0ZYW2,Latitude 7390 2-in-1,Dell Inc.,Not specified,2020/08/28 04:17:54 PM,UTC +08:00,N/A,2020/09/09 09:07:11 AM,‎2020/‎9/‎8 上 下午 11:15:55 的系統上次發生意外的關機。.,47,1896,48.75,3935,8071,"Bluetooth Device (Personal Area Network) - Load 0% speed channel (sent 0 bit/s, received 0 bit/s) | Fortinet Virtual Ethernet Adapter (NDIS 6.30) - Load 0% speed channel (sent 0 bit/s, received 0 bit/s) | Intel(R) Dual Band Wireless-AC 8265 - Load 0% speed channel (sent 0 bit/s, received 0 bit/s) | Microsoft Wi-Fi Direct Virtual Adapter - Load 0% speed channel (sent 0 bit/s, received 0 bit/s) | Microsoft Wi-Fi Direct Virtual Adapter - Load 0% speed channel (sent 0 bit/s, received 0 bit/s)",C:32.1|D:192.4|E:0,C:96.8|D:165.5|E:0
Windows,Online,mailsrv,Secure,Non-critical patches are available,3,Default Customer,OTSUKATW\administrator,alex,2020/09/09 02:52:50 PM,Microsoft Windows Server 2019 Standard (x64),10.0.17763,12.4.0.8311,6.37.38821.20070,118.163.125.2,192.168.1.8,192.168.1.11,otsukatw.corp,"VMware7,1",Intel(R) Xeon(R) Silver 4216 CPU @ 2.10GHz,VMware-56 4d 60 6e 01 57 56 e1-d2 b4 5e 96 04 80 b0 44,"VMware7,1","VMware, Inc.",Not specified,2020/08/28 04:04:01 PM,UTC +08:00,N/A,2020/08/29 12:45:25 AM,The process C:\Windows\system32\svchost.exe (MAILSRV) has initiated the 重新啟動 of computer MAILSRV on behalf of user NT AUTHORITY\SYSTEM for the following reason: 作業系統: Service Pack (計劃之中).  Reason Code: 0x80020010.  Shutdown Type: 重新啟動.  Comment: .,1,2095,54.84,17968,32766,"vmxnet3  - Load 0% speed channel (sent 0 bit/s, received 0 bit/s)",C:703|D:0,C:345|D:0
Windows,Online,ManChi-DELL,Need attention,Non-critical patches are available,4,Default Customer,OTSUKATW\ChiMan,ethan,2020/09/09 02:44:58 PM,Microsoft Windows 10 專業版 (x64),10.0.18363,12.4.0.8311,6.37.38821.20070,118.163.125.1,192.168.5.59,192.168.1.11,otsukatw.corp,Latitude E7250,Intel(R) Core(TM) i5-5300U CPU @ 2.30GHz,51NZ662,Latitude E7250,Dell Inc.,Not specified,2020/08/25 05:10:15 PM,UTC +08:00,N/A,2020/09/06 11:18:25 PM,The process C:\Windows\System32\RuntimeBroker.exe (MANCHI-DELL) has initiated the 電源關閉 of computer MANCHI-DELL on behalf of user OTSUKATW\ChiMan for the following reason: 其他 (不在計劃之中).  Reason Code: 0x0.  Shutdown Type: 電源關閉.  Comment: .,100,2295,68.28,5519,8083,"Intel(R) Ethernet Connection (3) I218-LM - Load 0% speed channel (sent 0 bit/s, received 0 bit/s) | Fortinet Virtual Ethernet Adapter (NDIS 6.30) - Load 0% speed channel (sent 0 bit/s, received 0 bit/s) | Intel(R) Dual Band Wireless-AC 7265 - Load 0% speed channel (sent 0 bit/s, received 0 bit/s) | Microsoft Wi-Fi Direct Virtual Adapter - Load 0% speed channel (sent 0 bit/s, received 0 bit/s)",C:25|D:37.3,C:96.4|D:77.6
Windows,Offline,Man-Hung-760,Secure,Non-critical patches are available,2,Default Customer,OTSUKATW\Man_Hung,ethan,2020/09/09 09:36:16 AM,Microsoft Windows 10 專業版 (x64),10.0.18363,12.4.0.8311,6.37.38821.20070,60.250.52.83,192.168.111.114,192.168.111.2,otsukatw.corp,OptiPlex 760                 ,Intel(R) Core(TM)2 Duo CPU     E7400  @ 2.80GHz,D77312S,OptiPlex 760                 ,Dell Inc.,Not specified,2020/08/31 11:13:14 AM,UTC +08:00,N/A,2020/09/09 09:00:24 AM,Normal shutdown without log.,100,2793,82.21,1627,1979,"Intel(R) 82567LM-3 Gigabit Network Connection - Load 0% speed channel (sent 0 bit/s, received 0 bit/s)",C:72.9|D:97.4|E:0,C:49|D:8.6|E:0
Windows,Online,Michelle-Liu,Secure,Non-critical patches are available,3,Default Customer,OTSUKATW\Michelle_Liu,ethan,2020/09/09 02:38:42 PM,Microsoft Windows 7 專業版 (x64),6.1.7601,12.0.0.7959,6.37.38821.20070,60.251.177.151,"192.168.6.60,192.168.5.70",192.168.1.10,otsukatw.corp,Latitude E6220,Intel(R) Core(TM) i5-2520M CPU @ 2.50GHz,G84GGT1,Latitude E6220,Dell Inc.,Not specified,2020/08/28 04:18:20 PM,UTC +08:00,N/A,2020/09/08 05:13:01 PM,The process C:\Windows\system32\winlogon.exe (MICHELLE-LIU) has initiated the 電源關閉 of computer MICHELLE-LIU on behalf of user OTSUKATW\Michelle_Liu for the following reason: 找不到這個原因的標題. Reason Code: 0x500ff. Shutdown Type: 電源關閉. Comment: .,2,2501,19.17,1547,8072,"Bluetooth  () - Load 0% speed channel (sent 0 bit/s, received 0 bit/s) | Intel(R) 82579LM Gigabit Network Connection - Load 0% speed channel (sent 0 bit/s, received 0 bit/s) | Fortinet virtual adapter - Load 0% speed channel (sent 0 bit/s, received 0 bit/s) | Intel(R) Centrino(R) Advanced-N 6205 - Load 0% speed channel (sent 0 bit/s, received 0 bit/s)",C:35.5|D:93|F:0,C:84.5|D:31.2|F:0
Windows,Online,MingLiu-DELL990,Client security is not installed,Non-critical patches are available,7,Default Customer,OTSUKATW\Nico_lin,ethan,2020/09/09 02:42:10 PM,Microsoft Windows 10 專業版 (x64),10.0.18362,,6.37.38821.20070,60.250.52.83,192.168.111.152,192.168.111.2,otsukatw.corp,OptiPlex 990,Intel(R) Core(TM) i5-2400 CPU @ 3.10GHz,HJRPTBX,OptiPlex 990,Dell Inc.,Not specified,2020/08/31 11:13:11 AM,UTC +08:00,N/A,2020/09/08 03:27:44 PM,‎2020/‎9/‎8 上 下午 02:45:56 的系統上次發生意外的關機。.,100,3101,29.98,2420,8073,"Intel(R) 82579LM Gigabit Network Connection - Load 0% speed channel (sent 0 bit/s, received 0 bit/s)",C:20.1|D:86.9|E:0,C:67.8|D:53.1|E:0
Windows,Offline,Nicole-5310,Client security is not installed,Non-critical patches are available,1,Default Customer,OTSUKATW\Nicole,ethan,2020/09/09 11:39:28 AM,Microsoft Windows 10 專業版 (x64),10.0.18363,,6.37.38821.20070,36.225.102.49,,192.168.1.10,otsukatw.corp,Latitude 5310 2-in-1,Intel(R) Core(TM) i5-10310U CPU @ 1.70GHz,F494YZ2,Latitude 5310 2-in-1,Dell Inc.,Not specified,2020/08/28 04:17:53 PM,UTC +08:00,N/A,2020/08/14 06:45:07 PM,The process C:\Windows\System32\RuntimeBroker.exe (NICOLE-5310) has initiated the 電源關閉 of computer NICOLE-5310 on behalf of user OTSUKATW\Nicole for the following reason: 其他 (不在計劃之中).  Reason Code: 0x0.  Shutdown Type: 電源關閉.  Comment: .,25,2208,57.76,4546,7871,"Bluetooth Device (Personal Area Network) - Load 0% speed channel (sent 0 bit/s, received 0 bit/s) | Fortinet Virtual Ethernet Adapter (NDIS 6.30) - Load 0% speed channel (sent 0 bit/s, received 0 bit/s) | Qualcomm QCA61x4A 802.11ac Wireless Adapter - Load 0% speed channel (sent 0 bit/s, received 0 bit/s) | Microsoft Wi-Fi Direct Virtual Adapter - Load 0% speed channel (sent 0 bit/s, received 0 bit/s)",C:54.9|D:102.6,C:65.2|D:18.6
Windows,Online,Patricia-Dell,Need attention,Non-critical patches are available,5,Default Customer,OTSUKATW\patricia,ethan,2020/09/09 02:45:07 PM,Microsoft Windows 10 專業版 (x64),10.0.18363,12.4.0.8311,6.37.38821.20070,118.163.125.1,192.168.1.167,192.168.1.10,otsukatw.corp,OptiPlex 7050,Intel(R) Core(TM) i5-6500 CPU @ 3.20GHz,32917P2,OptiPlex 7050,Dell Inc.,Not specified,2020/08/25 04:26:16 PM,UTC +08:00,N/A,2020/08/26 09:30:06 AM,‎2020/‎8/‎26 上 上午 09:26:45 的系統上次發生意外的關機。.,53,3192,84.52,6809,8056,"Intel(R) Ethernet Connection (5) I219-LM - Load 0% speed channel (sent 0 bit/s, received 0 bit/s)",C:24.6|D:40.6|E:346.3|F:0,C:96.4|D:65.6|E:130.6|F:0
Windows,Online,QC-1F,Secure,Non-critical patches are available,2,Default Customer,N/A,ethan,2020/09/09 02:40:02 PM,Microsoft Windows 10 專業版 (x64),10.0.19041,12.4.0.8311,6.37.38821.20070,118.163.114.187,192.168.111.119,192.168.111.2,otsukatw.corp,D320MT-K,Intel(R) Core(TM) i5-6400 CPU @ 2.70GHz,H7PFAG0004KE,D320MT-K,ASUSTeK COMPUTER INC.,Not specified,2020/08/31 11:13:41 AM,UTC +08:00,N/A,2020/09/09 01:30:22 PM,The process C:\Windows\System32\RuntimeBroker.exe (QC-1F) has initiated the 重新啟動 of computer QC-1F on behalf of user OTSUKATW\YuHan_Liu for the following reason: 其他 (不在計劃之中).  Reason Code: 0x0.  Shutdown Type: 重新啟動.  Comment: .,29,2701,23.57,1908,8095,"Intel(R) Ethernet Connection (2) I219-V - Load 0% speed channel (sent 22 Kbit/s, received 2 Kbit/s)",C:369.8|D:448.4|E:0,C:106.7|D:27|E:0
Windows,Online,QvServer,Secure,Critical patches are available,3,Default Customer,OTSUKATW\administrator,ethan,2020/09/09 02:39:44 PM,Microsoft Windows Server 2012 R2 Standard (x64),6.3.9600,12.4.0.8311,6.37.38821.20070,118.163.125.1,,192.168.1.10,otsukatw.corp,PowerEdge R920,Intel(R) Xeon(R) CPU E7-4880 v2 @ 2.50GHz,50FHZ72,PowerEdge R920,Dell Inc.,Not specified,2020/08/28 04:09:27 PM,UTC +08:00,N/A,2020/08/28 11:52:33 PM,The process C:\Windows\Explorer.EXE (QVSERVER) has initiated the 重新啟動 of computer QVSERVER on behalf of user OTSUKATW\administrator for the following reason: 其他 (不在計劃之中).  Reason Code: 0x5000000.  Shutdown Type: 重新啟動.  Comment: .,6,2500,14.44,37853,262080,"Broadcom NetXtreme Gigabit Ethernet - Load 0% speed channel (sent 0 bit/s, received 0 bit/s) | Broadcom NetXtreme Gigabit Ethernet - Load 0% speed channel (sent 0 bit/s, received 0 bit/s) | Broadcom NetXtreme Gigabit Ethernet - Load 0% speed channel (sent 0 bit/s, received 0 bit/s) | Broadcom NetXtreme Gigabit Ethernet - Load 0% speed channel (sent 0 bit/s, received 0 bit/s) | Intel(R) Ethernet 10G 2P X540-t Adapter - Load 0% speed channel (sent 0 bit/s, received 0 bit/s)",C:40|D:410|E:0,C:259.4|D:433.5|E:0
Windows,Online,Ray_Song,Need attention,Non-critical patches are available,3,Default Customer,OTSUKATW\Ray_song,ethan,2020/09/09 02:50:47 PM,Microsoft Windows 10 專業版 (x64),10.0.18362,12.4.0.8311,6.37.38821.20070,118.163.114.187,192.168.113.51,192.168.111.2,otsukatw.corp,D320MT-K,Intel(R) Core(TM) i5-6400 CPU @ 2.70GHz,H8PFAG000T0H,D320MT-K,ASUSTeK COMPUTER INC.,Not specified,2020/08/31 11:13:23 AM,UTC +08:00,N/A,2020/08/12 07:04:04 PM,The process C:\Windows\System32\usocoreworker.exe (RAY_SONG) has initiated the 重新啟動 of computer RAY_SONG on behalf of user NT AUTHORITY\SYSTEM for the following reason: 作業系統: Service Pack (計劃之中).  Reason Code: 0x80020010.  Shutdown Type: 重新啟動.  Comment: .,2,2701,46.55,3768,8095,"Intel(R) Ethernet Connection (2) I219-V - Load 0% speed channel (sent 14 Kbit/s, received 24 Kbit/s)",C:520.8|D:332.1|E:0,C:81.9|D:17.9|E:0
Windows,Offline,Richard-5300,Secure,Non-critical patches are available,1,Default Customer,OTSUKATW\RichardSuma,ethan,2020/08/28 04:44:37 PM,Microsoft Windows 10 專業版 (x64),10.0.18363,12.4.0.8311,6.37.38821.20070,118.163.125.1,192.168.5.121,192.168.1.10,otsukatw.corp,Latitude 5300 2-in-1,Intel(R) Core(TM) i5-8365U CPU @ 1.60GHz,GGVJHT2,Latitude 5300 2-in-1,Dell Inc.,Not specified,2020/08/25 02:38:46 PM,UTC +08:00,N/A,2020/08/07 12:19:56 PM,The process C:\Windows\System32\RuntimeBroker.exe (RICHARD-5300) has initiated the 電源關閉 of computer RICHARD-5300 on behalf of user OTSUKATW\RichardSuma for the following reason: 其他 (不在計劃之中).  Reason Code: 0x0.  Shutdown Type: 電源關閉.  Comment: .,22,1896,54.35,4332,7970,"Fortinet SSL VPN Virtual Ethernet Adapter - Load 0% speed channel (sent 0 bit/s, received 0 bit/s) | Fortinet Virtual Ethernet Adapter (NDIS 6.30) - Load 0% speed channel (sent 0 bit/s, received 0 bit/s) | Bluetooth Device (Personal Area Network) - Load 0% speed channel (sent 0 bit/s, received 0 bit/s) | Qualcomm QCA61x4A 802.11ac Wireless Adapter - Load 0% speed channel (sent 0 bit/s, received 0 bit/s) | Microsoft Wi-Fi Direct Virtual Adapter - Load 0% speed channel (sent 0 bit/s, received 0 bit/s) | Microsoft Wi-Fi Direct Virtual Adapter - Load 0% speed channel (sent 0 bit/s, received 0 bit/s)",C:99.6|D:299.5,C:84.4|D:3.1
Windows,Online,Richard-9020,Secure,Non-critical patches are available,4,Default Customer,OTSUKATW\RichardSuma,ethan,2020/09/09 02:48:48 PM,Microsoft Windows 10 專業版 (x64),10.0.19041,12.4.0.8311,6.37.38821.20070,118.163.125.1,192.168.1.165,192.168.1.10,otsukatw.corp,OptiPlex 9020,Intel(R) Core(TM) i7-4770 CPU @ 3.40GHz,18CM522,OptiPlex 9020,Dell Inc.,Not specified,2020/08/25 04:25:45 PM,UTC +08:00,N/A,2020/09/01 06:19:59 PM,The process msiexec.exe has initiated the 重新啟動 of computer RICHARD-9020 on behalf of user NT AUTHORITY\SYSTEM for the following reason: 找不到這個原因的標題.  Reason Code: 0x80030002.  Shutdown Type: 重新啟動.  Comment: Windows Installer 已發出重新啟動系統的要求，以便完成或繼續執行 'Symantec Endpoint Protection' 的安裝。.,23,3401,44.11,14426,32707,"Intel(R) Ethernet Connection I217-LM - Load 0% speed channel (sent 0 bit/s, received 0 bit/s)",C:807.6|D:1209.7|E:608.1|G:0,C:145.1|D:1651.8|E:7022.7|G:0
Windows,Online,RichardSuma7050,Secure,Non-critical patches are available,4,Default Customer,OTSUKATW\RichardSuma,ethan,2020/09/09 02:48:25 PM,Microsoft Windows 10 專業版 (x64),10.0.19041,12.4.0.8311,6.37.38821.20070,118.163.125.1,192.168.1.153,192.168.1.10,otsukatw.corp,OptiPlex 7050,Intel(R) Core(TM) i5-6500 CPU @ 3.20GHz,32BV6P2,OptiPlex 7050,Dell Inc.,Not specified,2020/08/25 04:26:09 PM,UTC +08:00,N/A,2020/08/27 04:18:38 PM,The process C:\Windows\System32\RuntimeBroker.exe (RICHARDSUMA7050) has initiated the 重新啟動 of computer RICHARDSUMA7050 on behalf of user OTSUKATW\RichardSuma for the following reason: 其他 (不在計劃之中).  Reason Code: 0x0.  Shutdown Type: 重新啟動.  Comment: .,10,3192,26.73,8721,32631,"Intel(R) Ethernet Connection (5) I219-LM - Load 0% speed channel (sent 0 bit/s, received 2 Kbit/s)",C:824.3|D:765.5,C:112.6|D:6865.3
Windows,Online,Rita-3040,Client security is not installed,Non-critical patches are available,4,Default Customer,OTSUKATW\Rita_Yeh,ethan,2020/09/09 02:51:34 PM,Microsoft Windows 10 專業版 (x64),10.0.18362,,6.37.38821.20070,60.250.52.83,192.168.111.112,192.168.111.2,otsukatw.corp,OptiPlex 3040,Intel(R) Core(TM) i5-6500 CPU @ 3.20GHz,80DPCD2,OptiPlex 3040,Dell Inc.,Not specified,2020/08/31 11:12:56 AM,UTC +08:00,N/A,2020/08/26 04:28:53 PM,The process C:\Windows\System32\RuntimeBroker.exe (RITA-3040) has initiated the 電源關閉 of computer RITA-3040 on behalf of user OTSUKATW\Rita_Yeh for the following reason: 其他 (不在計劃之中).  Reason Code: 0x0.  Shutdown Type: 電源關閉.  Comment: .,27,3192,24.77,2000,8074,"Realtek PCIe GBE Family Controller - Load 0% speed channel (sent 0 bit/s, received 0 bit/s)",C:101.4|D:246.5|E:0,C:74.9|D:53.5|E:0
Windows,Online,RogerDuann-DELL,Secure,Non-critical patches are available,7,Default Customer,OTSUKATW\Roger_Duann,ethan,2020/09/09 02:47:34 PM,Microsoft Windows 10 專業版 (x64),10.0.18362,12.4.0.8311,6.37.38821.20070,60.250.52.83,192.168.113.58,192.168.111.2,otsukatw.corp,Latitude E7250,Intel(R) Core(TM) i5-5300U CPU @ 2.30GHz,G3D0762,Latitude E7250,Dell Inc.,Not specified,2020/08/31 11:13:20 AM,UTC +08:00,N/A,2020/09/08 04:33:37 PM,The process C:\Windows\System32\RuntimeBroker.exe (ROGERDUANN-DELL) has initiated the 電源關閉 of computer ROGERDUANN-DELL on behalf of user OTSUKATW\Roger_Duann for the following reason: 其他 (不在計劃之中).  Reason Code: 0x0.  Shutdown Type: 電源關閉.  Comment: .,100,2295,33.76,2729,8083,"Intel(R) Ethernet Connection (3) I218-LM - Load 0% speed channel (sent 0 bit/s, received 0 bit/s) | Fortinet SSL VPN Virtual Ethernet Adapter - Load 0% speed channel (sent 0 bit/s, received 0 bit/s) | Fortinet Virtual Ethernet Adapter (NDIS 6.30) - Load 0% speed channel (sent 0 bit/s, received 0 bit/s) | Bluetooth Device (Personal Area Network) - Load 0% speed channel (sent 0 bit/s, received 0 bit/s) | Intel(R) Dual Band Wireless-AC 7265 - Load 0% speed channel (sent 0 bit/s, received 0 bit/s) | Microsoft Wi-Fi Direct Virtual Adapter - Load 0% speed channel (sent 0 bit/s, received 0 bit/s) | Microsoft Wi-Fi Direct Virtual Adapter - Load 0% speed channel (sent 0 bit/s, received 0 bit/s)",C:51.4|D:80.2,C:67.3|D:37.4
Windows,Online,sally-3010,Secure,Non-critical patches are available,5,Default Customer,OTSUKATW\Sally,ethan,2020/09/09 02:43:26 PM,Microsoft Windows 10 專業版 (x64),10.0.18362,12.4.0.8311,6.37.38821.20070,118.163.114.187,192.168.111.113,192.168.111.2,otsukatw.corp,OptiPlex 3040,Intel(R) Core(TM) i5-6500 CPU @ 3.20GHz,80DJCD2,OptiPlex 3040,Dell Inc.,Not specified,2020/08/31 11:12:50 AM,UTC +08:00,N/A,2020/09/08 04:32:11 PM,The process C:\Windows\System32\RuntimeBroker.exe (SALLY-3010) has initiated the 電源關閉 of computer SALLY-3010 on behalf of user OTSUKATW\Sally for the following reason: 其他 (不在計劃之中).  Reason Code: 0x0.  Shutdown Type: 電源關閉.  Comment: .,0,3192,22.23,1795,8074,"Realtek PCIe GBE Family Controller - Load 0% speed channel (sent 0 bit/s, received 0 bit/s)",C:104.7|D:271|E:0|F:0|G:0.8,C:71.5|D:29|E:0|F:0|G:1.1
Windows,Online,Sam_Hsu,Client security is not installed,No patches are available,0,Default Customer,OTSUKATW\Sam_Hsu,ethan,2020/09/09 02:42:25 PM,Microsoft Windows 10 專業版 (x64),6.2.9200,,6.37.38821.20070,118.163.125.1,192.168.5.91,192.168.1.10,otsukatw.corp,Latitude 5300 2-in-1,Intel(R) Core(TM) i5-8265U CPU @ 1.60GHz,3ZVJNT2,Latitude 5300 2-in-1,Dell Inc.,Not specified,2020/09/09 02:41:55 PM,UTC +08:00,N/A,2020/09/07 10:50:25 AM,The process C:\Windows\System32\RuntimeBroker.exe (SAM_HSU) has initiated the 電源關閉 of computer SAM_HSU on behalf of user OTSUKATW\Sam_Hsu for the following reason: 其他 (不在計劃之中).  Reason Code: 0x0.  Shutdown Type: 電源關閉.  Comment: .,1,1800,50.42,4039,8010,"Fortinet Virtual Ethernet Adapter (NDIS 6.30) - Load 0% speed channel (sent 0 bit/s, received 0 bit/s) | Bluetooth Device (Personal Area Network) - Load 0% speed channel (sent 0 bit/s, received 0 bit/s) | Qualcomm QCA61x4A 802.11ac Wireless Adapter - Load 0% speed channel (sent 6 Kbit/s, received 18 Kbit/s) | Microsoft Wi-Fi Direct Virtual Adapter - Load 0% speed channel (sent 0 bit/s, received 0 bit/s) | Microsoft Wi-Fi Direct Virtual Adapter - Load 0% speed channel (sent 0 bit/s, received 0 bit/s)",C:55.5|D:75.2,C:111.6|D:0.1
Windows,Online,Shelly_Dell,Secure,Non-critical patches are available,4,Default Customer,OTSUKATW\shelly,alex,2020/09/09 02:39:38 PM,Microsoft Windows 10 專業版 (x64),10.0.18363,12.4.0.8311,6.37.38821.20070,60.251.177.151,192.168.1.160,192.168.1.10,otsukatw.corp,OptiPlex 3040,Intel(R) Core(TM) i5-6500 CPU @ 3.20GHz,7W0PCD2,OptiPlex 3040,Dell Inc.,Not specified,2020/08/28 03:14:33 PM,UTC +08:00,N/A,2020/09/08 04:30:12 PM,The process C:\Windows\System32\RuntimeBroker.exe (SHELLY_DELL) has initiated the 重新啟動 of computer SHELLY_DELL on behalf of user OTSUKATW\shelly for the following reason: 其他 (不在計劃之中).  Reason Code: 0x0.  Shutdown Type: 重新啟動.  Comment: .,100,3192,27.71,2237,8074,"Realtek PCIe GBE Family Controller - Load 0% speed channel (sent 0 bit/s, received 0 bit/s)",C:110.4|D:452.4|E:0,C:108.6|D:24.5|E:0
Windows,Online,Sheue-3040,Need attention,Non-critical patches are available,5,Default Customer,OTSUKATW\Sheue,ethan,2020/09/09 02:42:16 PM,Microsoft Windows 10 專業版 (x64),10.0.18362,12.4.0.8311,6.37.38821.20070,60.250.52.83,192.168.111.130,192.168.111.2,otsukatw.corp,OptiPlex 3040,Intel(R) Core(TM) i5-6500 CPU @ 3.20GHz,80CNCD2,OptiPlex 3040,Dell Inc.,Not specified,2020/08/31 11:12:57 AM,UTC +08:00,N/A,2020/07/16 04:32:45 PM,The process C:\Windows\System32\RuntimeBroker.exe (SHEUE-3040) has initiated the 電源關閉 of computer SHEUE-3040 on behalf of user OTSUKATW\Sheue for the following reason: 其他 (不在計劃之中).  Reason Code: 0x0.  Shutdown Type: 電源關閉.  Comment: .,42,3192,52.71,4256,8074,"Realtek PCIe GBE Family Controller - Load 0% speed channel (sent 0 bit/s, received 0 bit/s)",C:110.6|D:256.6|E:0,C:65.5|D:43.4|E:0
Windows,Online,ShinyiHsu-5310,Need attention,Non-critical patches are available,3,Default Customer,OTSUKATW\ShinyiHsu,ethan,2020/09/09 02:39:18 PM,Microsoft Windows 10 專業版 (x64),10.0.19041,12.4.0.8311,6.37.38821.20070,118.163.125.1,192.168.6.53,192.168.1.10,otsukatw.corp,Latitude 5310 2-in-1,Intel(R) Core(TM) i5-10310U CPU @ 1.70GHz,4594YZ2,Latitude 5310 2-in-1,Dell Inc.,Not specified,2020/08/28 04:17:31 PM,UTC +08:00,N/A,2020/09/07 09:18:59 AM,‎2020/‎9/‎4 上 下午 04:45:19 的系統上次發生意外的關機。.,34,2208,57.18,4501,7871,"Realtek USB GbE Family Controller - Load 0% speed channel (sent 0 bit/s, received 0 bit/s) | Fortinet Virtual Ethernet Adapter (NDIS 6.30) - Load 0% speed channel (sent 0 bit/s, received 0 bit/s) | Realtek USB GbE Family Controller - Load 0% speed channel (sent 0 bit/s, received 0 bit/s) | Bluetooth Device (Personal Area Network) - Load 0% speed channel (sent 0 bit/s, received 0 bit/s) | Qualcomm QCA61x4A 802.11ac Wireless Adapter - Load 0% speed channel (sent 0 bit/s, received 0 bit/s) | Microsoft Wi-Fi Direct Virtual Adapter - Load 0% speed channel (sent 0 bit/s, received 0 bit/s)",C:83.9|D:182.1,C:90.6|D:128.8
Windows,Online,Sophy,Need attention,Non-critical patches are available,1,Default Customer,OTSUKATW\Sophy,ethan,2020/09/09 02:52:32 PM,Microsoft Windows 10 專業版 (x64),10.0.18363,12.4.0.8311,6.37.38821.20070,60.251.177.151,192.168.6.52,192.168.1.10,otsukatw.corp,OptiPlex 7050,Intel(R) Core(TM) i5-6500 CPU @ 3.20GHz,329V6P2,OptiPlex 7050,Dell Inc.,Not specified,2020/08/25 05:10:01 PM,UTC +08:00,N/A,2020/07/17 05:40:12 PM,The process C:\Windows\System32\RuntimeBroker.exe (SOPHY) has initiated the 電源關閉 of computer SOPHY on behalf of user OTSUKATW\Sophy for the following reason: 其他 (不在計劃之中).  Reason Code: 0x0.  Shutdown Type: 電源關閉.  Comment: .,25,3192,67.15,5410,8056,"Intel(R) Ethernet Connection (5) I219-LM - Load 0% speed channel (sent 0 bit/s, received 0 bit/s)",C:62.3|D:89.8|E:0,C:58.9|D:16.4|E:0
Windows,Online,SS2,Secure,Non-critical patches are available,8,Default Customer,OTSUKATW\administrator,ethan,2020/09/09 02:47:04 PM,Microsoft Windows Server 2019 Standard (x64),10.0.17763,12.4.0.8311,6.37.38821.20070,118.163.125.1,"192.168.1.9,169.254.136.235",192.168.1.10,otsukatw.corp,VMware Virtual Platform,Intel(R) Xeon(R) Silver 4216 CPU @ 2.10GHz,VMware-42 0f 23 38 4f 05 e4 72-64 7d a6 0e 3c aa 1f 3a,VMware Virtual Platform,"VMware, Inc.",Not specified,2020/08/28 04:10:24 PM,UTC +08:00,N/A,2020/08/28 11:50:46 PM,The process C:\Windows\system32\SystemSettingsAdminFlows.exe (SS2) has initiated the 重新啟動 of computer SS2 on behalf of user OTSUKATW\Administrator for the following reason: 其他 (不在計劃之中).  Reason Code: 0x5000000.  Shutdown Type: 重新啟動.  Comment: .,12,2095,34.22,2803,8191,"vmxnet3  - Load 0% speed channel (sent 0 bit/s, received 0 bit/s) | Microsoft KM-TEST Loopback Adapter - Load 0% speed channel (sent 0 bit/s, received 0 bit/s)",C:158.5|D:50.8|E:0,C:45.7|D:0.4|E:0
Windows,Online,SS3,Secure,Critical patches are available,4,Default Customer,N/A,ethan,2020/09/09 02:42:39 PM,Microsoft Windows Server 2012 R2 Standard (x64),6.3.9600,12.4.0.8311,6.37.38821.20070,118.163.125.1,192.168.1.73,192.168.1.10,otsukatw.corp,PowerEdge R920,Intel(R) Xeon(R) CPU E7-4880 v2 @ 2.50GHz,50DLZ72,PowerEdge R920,Dell Inc.,Not specified,2020/08/28 04:09:13 PM,UTC +08:00,N/A,2020/08/28 11:58:58 PM,The process C:\Windows\Explorer.EXE (SS3) has initiated the 重新啟動 of computer SS3 on behalf of user OTSUKATW\Administrator for the following reason: 其他 (不在計劃之中).  Reason Code: 0x5000000.  Shutdown Type: 重新啟動.  Comment: .,3,2500,4.38,11490,262098,"Broadcom NetXtreme Gigabit Ethernet - Load 0% speed channel (sent 0 bit/s, received 0 bit/s) | Broadcom NetXtreme Gigabit Ethernet - Load 0% speed channel (sent 0 bit/s, received 0 bit/s) | Broadcom NetXtreme Gigabit Ethernet - Load 0% speed channel (sent 0 bit/s, received 0 bit/s) | Broadcom NetXtreme Gigabit Ethernet - Load 0% speed channel (sent 0 bit/s, received 0 bit/s) | Microsoft Network Adapter Multiplexor Driver - Load 0% speed channel (sent 0 bit/s, received 0 bit/s)",C:191.4|D:324|E:0,C:108.3|D:519.5|E:3.7
Windows,Online,Ting_Huang,Secure,Non-critical patches are available,5,Default Customer,OTSUKATW\Ting_Huang,ethan,2020/09/09 02:46:14 PM,Microsoft Windows 10 專業版 (x64),10.0.18362,12.4.0.8311,6.37.38821.20070,118.163.114.187,192.168.116.135,192.168.111.2,otsukatw.corp,Latitude 3480,Intel(R) Core(TM) i5-6200U CPU @ 2.30GHz,14MM7F2,Latitude 3480,Dell Inc.,Not specified,2020/08/31 11:13:28 AM,UTC +08:00,N/A,2020/09/09 10:58:34 AM,The process C:\Windows\System32\RuntimeBroker.exe (TING_HUANG) has initiated the 重新啟動 of computer TING_HUANG on behalf of user OTSUKATW\Ting_Huang for the following reason: 其他 (不在計劃之中).  Reason Code: 0x0.  Shutdown Type: 重新啟動.  Comment: .,100,2401,33.52,2701,8058,"Realtek PCIe GBE Family Controller - Load 0% speed channel (sent 0 bit/s, received 0 bit/s) | Bluetooth Device (Personal Area Network) - Load 0% speed channel (sent 0 bit/s, received 0 bit/s) | Qualcomm QCA61x4A 802.11ac Wireless Adapter - Load 0% speed channel (sent 0 bit/s, received 0 bit/s) | Microsoft Wi-Fi Direct Virtual Adapter - Load 0% speed channel (sent 0 bit/s, received 0 bit/s) | Microsoft Wi-Fi Direct Virtual Adapter - Load 0% speed channel (sent 0 bit/s, received 0 bit/s)",C:54.9|D:95.3,C:67|D:25.5
Windows,Online,TonyJian-990,Secure,Non-critical patches are available,4,Default Customer,OTSUKATW\Tony_Jian,ethan,2020/09/09 02:46:25 PM,Microsoft Windows 10 專業版 (x64),10.0.18363,12.4.0.8311,6.37.38821.20070,118.163.114.187,192.168.113.57,192.168.111.2,otsukatw.corp,OptiPlex 9010,Intel(R) Core(TM) i5-3470 CPU @ 3.20GHz,11223Y1,OptiPlex 9010,Dell Inc.,Not specified,2020/08/31 11:12:50 AM,UTC +08:00,N/A,2020/09/09 09:13:58 AM,The process C:\Windows\System32\RuntimeBroker.exe (TONYJIAN-990) has initiated the 重新啟動 of computer TONYJIAN-990 on behalf of user OTSUKATW\alex for the following reason: 其他 (不在計劃之中).  Reason Code: 0x0.  Shutdown Type: 重新啟動.  Comment: .,42,3201,28.65,2314,8078,"Intel(R) 82579LM Gigabit Network Connection - Load 0% speed channel (sent 0 bit/s, received 0 bit/s)",C:159.7|D:0,C:77.8|D:0
Windows,Online,Twopfafs,Need attention,Non-critical patches are available,3,Default Customer,OTSUKATW\administrator,ethan,2020/09/09 02:51:50 PM,Microsoft Windows Server 2019 Standard (x64),10.0.17763,12.4.0.8311,6.37.38821.20070,118.163.114.187,192.168.111.3,192.168.111.2,otsukatw.corp,VMware Virtual Platform,Intel(R) Xeon(R) Silver 4216 CPU @ 2.10GHz,VMware-42 10 fe 38 e3 94 37 5c-06 8d 15 b1 c5 81 59 7d,VMware Virtual Platform,"VMware, Inc.",Not specified,2020/08/31 11:13:14 AM,UTC +08:00,N/A,N/A,N/A,2,2095,47.76,3912,8191,"vmxnet3  - Load 0% speed channel (sent 0 bit/s, received 0 bit/s)",C:185.3|D:822.5|E:0,C:26.5|D:13.7|E:0
Windows,Online,TWOPFS1,Secure,Non-critical patches are available,8,Default Customer,OTSUKATW\administrator,alex,2020/09/09 02:42:34 PM,Microsoft Windows Server 2019 Standard (x64),10.0.17763,12.4.0.8311,6.37.38821.20070,60.251.177.151,192.168.1.14,192.168.1.10,otsukatw.corp,VMware Virtual Platform,Intel(R) Xeon(R) Silver 4216 CPU @ 2.10GHz,VMware-42 3d c6 e6 26 fa f1 a3-5c 3b 75 c8 94 f7 8b f1,VMware Virtual Platform,"VMware, Inc.",Not specified,2020/08/28 04:04:23 PM,UTC +08:00,N/A,2020/08/28 07:25:23 PM,The process C:\Windows\system32\SystemSettingsAdminFlows.exe (TWOPFS1) has initiated the 重新啟動 of computer TWOPFS1 on behalf of user OTSUKATW\Administrator for the following reason: 其他 (不在計劃之中).  Reason Code: 0x5000000.  Shutdown Type: 重新啟動.  Comment: .,13,2095,21.99,3572,16247,"vmxnet3  - Load 0% speed channel (sent 0 bit/s, received 0 bit/s)",C:86.9|D:0|E:417.4,C:35.2|D:0|E:1118.6
Windows,Online,Vicky-9010,Client security is not installed,Non-critical patches are available,2,Default Customer,OTSUKATW\Vicky,ethan,2020/09/09 02:44:34 PM,Microsoft Windows 10 專業版 (x64),10.0.18363,,6.37.38821.20070,60.250.52.83,192.168.111.150,192.168.111.2,otsukatw.corp,OptiPlex 9010,Intel(R) Core(TM) i5-3570 CPU @ 3.40GHz,GNCBXX1,OptiPlex 9010,Dell Inc.,Not specified,2020/08/31 11:12:50 AM,UTC +08:00,N/A,2020/09/08 03:27:40 PM,‎2020/‎9/‎8 上 下午 03:02:13 的系統上次發生意外的關機。.,1,3401,46.04,3719,8078,"Intel(R) 82579LM Gigabit Network Connection - Load 0% speed channel (sent 0 bit/s, received 0 bit/s)",C:66.3|D:50.2|E:0|G:0|H:0|I:0|J:0,C:65|D:79.8|E:0|G:0|H:0|I:0|J:0
Windows,Online,VickyChen,Client security is not installed,No patches are available,0,Default Customer,OTSUKATW\Vicky_Chen,ethan,2020/09/09 02:52:20 PM,Microsoft Windows 10 專業版 (x64),10.0.19041,,6.37.38821.20070,60.251.177.151,192.168.5.102,192.168.1.10,otsukatw.corp,Latitude 7390 2-in-1,Intel(R) Core(TM) i5-8350U CPU @ 1.70GHz,7Z89LQ2,Latitude 7390 2-in-1,Dell Inc.,Not specified,2020/09/09 02:41:48 PM,UTC +08:00,N/A,2020/08/14 01:41:33 PM,The process C:\WINDOWS\system32\winlogon.exe (VICKYCHEN) has initiated the 關機 of computer VICKYCHEN on behalf of user NT AUTHORITY\SYSTEM for the following reason: 找不到這個原因的標題.  Reason Code: 0x500ff.  Shutdown Type: 關機.  Comment: .,7,1896,83.91,6773,8072,"Bluetooth Device (Personal Area Network) - Load 0% speed channel (sent 0 bit/s, received 0 bit/s) | Fortinet Virtual Ethernet Adapter (NDIS 6.30) - Load 0% speed channel (sent 0 bit/s, received 0 bit/s) | Intel(R) Dual Band Wireless-AC 8265 - Load 0% speed channel (sent 0 bit/s, received 0 bit/s) | Microsoft Wi-Fi Direct Virtual Adapter - Load 0% speed channel (sent 0 bit/s, received 0 bit/s) | Microsoft Wi-Fi Direct Virtual Adapter - Load 0% speed channel (sent 0 bit/s, received 0 bit/s)",C:32.4|D:48.3,C:80.2|D:81.5
Windows,Online,VincentLiu-5310,Need attention,Non-critical patches are available,3,Default Customer,OTSUKATW\vincentliu,ethan,2020/09/09 02:43:10 PM,Microsoft Windows 10 專業版 (x64),10.0.18363,12.4.0.8311,6.37.38821.20070,118.163.125.1,192.168.5.84,192.168.1.11,otsukatw.corp,Latitude 5310 2-in-1,Intel(R) Core(TM) i5-10310U CPU @ 1.70GHz,J494YZ2,Latitude 5310 2-in-1,Dell Inc.,Not specified,2020/08/28 04:17:45 PM,UTC +08:00,N/A,2020/09/07 12:14:05 AM,The process C:\Windows\System32\usocoreworker.exe (VINCENTLIU-5310) has initiated the 重新啟動 of computer VINCENTLIU-5310 on behalf of user NT AUTHORITY\SYSTEM for the following reason: 作業系統: Service Pack (計劃之中).  Reason Code: 0x80020010.  Shutdown Type: 重新啟動.  Comment: .,30,2208,69.51,5471,7871,"Bluetooth Device (Personal Area Network) - Load 0% speed channel (sent 0 bit/s, received 0 bit/s) | Fortinet Virtual Ethernet Adapter (NDIS 6.30) - Load 0% speed channel (sent 0 bit/s, received 0 bit/s) | Qualcomm QCA61x4A 802.11ac Wireless Adapter - Load 0% speed channel (sent 0 bit/s, received 0 bit/s) | Microsoft Wi-Fi Direct Virtual Adapter - Load 0% speed channel (sent 0 bit/s, received 0 bit/s) | Microsoft Wi-Fi Direct Virtual Adapter - Load 0% speed channel (sent 0 bit/s, received 0 bit/s)",C:31.7|D:238.1|E:0,C:88.1|D:127.6|E:0
Windows,Online,Wayne-7480,Need attention,Non-critical patches are available,3,Default Customer,OTSUKATW\Wayne_Wu,ethan,2020/09/09 02:50:53 PM,Microsoft Windows 10 專業版 (x64),10.0.18362,12.4.0.8311,6.37.38821.20070,60.250.52.83,"192.168.116.134,192.168.137.1",192.168.111.2,otsukatw.corp,Latitude 7480,Intel(R) Core(TM) i5-6200U CPU @ 2.30GHz,C3LDHM2,Latitude 7480,Dell Inc.,Not specified,2020/08/31 11:12:06 AM,UTC +08:00,N/A,2020/08/27 05:07:27 PM,The process C:\Windows\System32\RuntimeBroker.exe (WAYNE-7480) has initiated the 電源關閉 of computer WAYNE-7480 on behalf of user OTSUKATW\Wayne_Wu for the following reason: 其他 (不在計劃之中).  Reason Code: 0x0.  Shutdown Type: 電源關閉.  Comment: .,30,2401,57.37,4485,7818,"Intel(R) Ethernet Connection (4) I219-LM - Load 0% speed channel (sent 0 bit/s, received 0 bit/s) | Bluetooth Device (Personal Area Network) - Load 0% speed channel (sent 0 bit/s, received 0 bit/s) | Fortinet Virtual Ethernet Adapter (NDIS 6.30) - Load 0% speed channel (sent 0 bit/s, received 0 bit/s) | Intel(R) Dual Band Wireless-AC 8265 - Load 0% speed channel (sent 0 bit/s, received 0 bit/s) | Microsoft Wi-Fi Direct Virtual Adapter - Load 0% speed channel (sent 0 bit/s, received 0 bit/s)",C:111.4|D:401.9,C:91.8|D:348.1
Windows,Online,Yan-Asus,Secure,Non-critical patches are available,2,Default Customer,OTSUKATW\Yan_Lee,ethan,2020/09/09 02:48:31 PM,Microsoft Windows 10 專業版 (x64),10.0.18362,12.4.0.8311,6.37.38821.20070,118.163.114.187,192.168.111.151,192.168.111.2,otsukatw.corp,D320MT-K,Intel(R) Core(TM) i5-6400 CPU @ 2.70GHz,H7PFAG0004KJ,D320MT-K,ASUSTeK COMPUTER INC.,Not specified,2020/08/31 11:13:16 AM,UTC +08:00,N/A,2020/08/28 05:38:04 PM,The process C:\Windows\System32\RuntimeBroker.exe (YAN-ASUS) has initiated the 電源關閉 of computer YAN-ASUS on behalf of user OTSUKATW\Yan_Lee for the following reason: 其他 (不在計劃之中).  Reason Code: 0x0.  Shutdown Type: 電源關閉.  Comment: .,23,2701,17.96,1454,8095,"Intel(R) Ethernet Connection (2) I219-V - Load 0% speed channel (sent 0 bit/s, received 0 bit/s)",C:362.4|D:414.2|E:0,C:89.5|D:85.8|E:0.4
Windows,Online,Yufu-Kuo,Need attention,Non-critical patches are available,4,Default Customer,OTSUKATW\yufu_kuo,ethan,2020/09/09 02:39:48 PM,Microsoft Windows 10 專業版 (x64),10.0.18362,12.4.0.8311,6.37.38821.20070,60.250.52.83,192.168.116.138,192.168.111.2,otsukatw.corp,Latitude 3480,Intel(R) Core(TM) i5-6200U CPU @ 2.30GHz,24MM7F2,Latitude 3480,Dell Inc.,Not specified,2020/08/31 11:12:56 AM,UTC +08:00,N/A,2020/08/27 04:57:53 PM,The process C:\Windows\System32\RuntimeBroker.exe (YUFU-KUO) has initiated the 電源關閉 of computer YUFU-KUO on behalf of user OTSUKATW\yufu_kuo for the following reason: 其他 (不在計劃之中).  Reason Code: 0x0.  Shutdown Type: 電源關閉.  Comment: .,33,2401,54.6,4273,7826,"Bluetooth Device (Personal Area Network) - Load 0% speed channel (sent 0 bit/s, received 0 bit/s) | Realtek PCIe GBE Family Controller - Load 0% speed channel (sent 0 bit/s, received 0 bit/s) | Fortinet Virtual Ethernet Adapter (NDIS 6.30) - Load 0% speed channel (sent 0 bit/s, received 0 bit/s) | Qualcomm QCA61x4A 802.11ac Wireless Adapter - Load 0% speed channel (sent 0 bit/s, received 0 bit/s) | Microsoft Wi-Fi Direct Virtual Adapter - Load 0% speed channel (sent 0 bit/s, received 0 bit/s)",C:110.3|D:194.5,C:66|D:105.5
Windows,Online,中栓-電腦,Need attention,Non-critical patches are available,5,Default Customer,OTSUKATW\LinKuo,ethan,2020/09/09 02:47:01 PM,Microsoft Windows 10 專業版 (x64),10.0.18363,12.4.0.8311,6.37.38821.20070,60.250.52.83,192.168.113.54,192.168.111.2,otsukatw.corp,HP Compaq 6000 Pro MT PC,Intel(R) Core(TM)2 Duo CPU     E7600  @ 3.06GHz,SGH010T6KK,HP Compaq 6000 Pro MT PC,Hewlett-Packard,Not specified,2020/08/31 11:13:17 AM,UTC +08:00,N/A,2020/08/13 07:50:02 PM,The process C:\Windows\System32\usocoreworker.exe (中栓-電腦) has initiated the 重新啟動 of computer 中栓-電腦 on behalf of user NT AUTHORITY\SYSTEM for the following reason: 作業系統: Service Pack (計劃之中).  Reason Code: 0x80020010.  Shutdown Type: 重新啟動.  Comment: .,100,3066,66,2634,3991,"Intel(R) 82567LM-3 Gigabit Network Connection - Load 0% speed channel (sent 0 bit/s, received 0 bit/s) | Realtek USB GbE Family Controller - Load 0% speed channel (sent 0 bit/s, received 0 bit/s)",C:91.9|D:92.1|E:0|F:0|G:0|H:0|I:0|J:0,C:36|D:7.9|E:0|F:0|G:0|H:0|I:0|J:0
Windows,Online,包裝一電腦,Need attention,Non-critical patches are available,5,Default Customer,OTSUKATW\Production2,ethan,2020/09/09 02:50:33 PM,Microsoft Windows 10 專業版 (x64),10.0.18362,12.4.0.8311,6.37.38821.20070,60.250.52.83,192.168.114.116,192.168.111.2,otsukatw.corp,OptiPlex 755                 ,Intel(R) Core(TM)2 Duo CPU     E7200  @ 2.53GHz,2Z4BY1S,OptiPlex 755                 ,Dell Inc.,Not specified,2020/08/31 11:13:13 AM,UTC +08:00,N/A,2020/07/16 01:40:38 PM,The process C:\Windows\System32\RuntimeBroker.exe (包裝一電腦) has initiated the 電源關閉 of computer 包裝一電腦 on behalf of user OTSUKATW\Production2 for the following reason: 其他 (不在計劃之中).  Reason Code: 0x0.  Shutdown Type: 電源關閉.  Comment: .,100,2527,84.47,1692,2003,"Intel(R) 82566DM-2 Gigabit Network Connection - Load 0% speed channel (sent 0 bit/s, received 0 bit/s)",C:55.8|D:0,C:65.2|D:0
Windows,Online,工務-PC,Client security is not installed,Non-critical patches are available,4,Default Customer,工務-PC\user,ethan,2020/09/09 02:50:53 PM,Microsoft Windows 10 專業版 (x64),10.0.18363,,6.37.38821.20070,118.163.114.187,"192.168.113.61,172.26.158.65",192.168.111.2,otsukatw.corp,OptiPlex 990,Intel(R) Core(TM) i5-2400 CPU @ 3.10GHz,4KRPTBX,OptiPlex 990,Dell Inc.,Not specified,2020/08/31 11:13:09 AM,UTC +08:00,N/A,2020/09/09 09:18:45 AM,The process C:\WINDOWS\system32\winlogon.exe (工務-PC) has initiated the 重新啟動 of computer 工務-PC on behalf of user NT AUTHORITY\SYSTEM for the following reason: 找不到這個原因的標題.  Reason Code: 0x500ff.  Shutdown Type: 重新啟動.  Comment: .,100,3101,54.28,2158,3976,"Intel(R) 82579LM Gigabit Network Connection - Load 0% speed channel (sent 0 bit/s, received 0 bit/s) | Hyper-V Virtual Ethernet Adapter - Load 0% speed channel (sent 0 bit/s, received 0 bit/s)",C:28.7|D:19.2|E:0,C:94.5|D:100.8|E:0
Windows,Offline,生一部-辦公室內,Secure,Non-critical patches are available,3,Default Customer,N/A,ethan,2020/09/09 09:55:46 AM,Microsoft Windows 10 專業版 (x64),10.0.18363,,6.37.38821.20070,118.163.114.187,192.168.114.51,192.168.111.2,otsukatw.corp,OptiPlex 990,Intel(R) Core(TM) i5-2400 CPU @ 3.10GHz,2KRPTBX,OptiPlex 990,Dell Inc.,Not specified,2020/08/31 11:13:08 AM,UTC +08:00,N/A,2020/09/08 04:33:55 PM,‎2020/‎9/‎8 上 下午 04:32:59 的系統上次發生意外的關機。.,73,3101,15.03,1829,12169,"Intel(R) 82579LM Gigabit Network Connection - Load 0% speed channel (sent 0 bit/s, received 0 bit/s)",C:49.8|D:87.9|E:0,C:87.7|D:12.1|E:0
